symbol,timeframe,regime,strategy_name,param_hash,quality_score,rank,val_trades,val_pf,val_return,val_dd,val_sharpe,val_win_rate,train_trades,train_pf,train_return,is_tuned
AU200,M5,TREND,ATRPercentileBreakoutStrategy,6c55376c65c53d76,54.31443641878377,1,28,1.867,12.04,4.31,4.873,57.14,51,1.498,12.89,True
AU200,M15,TREND,ZScoreVWAPReversionStrategy,b4668941980b5eda,55.004072400326265,1,24,1.598,5.71,2.09,3.674,62.5,78,1.406,15.1,True
AU200,M15,RANGE,ADXDIStrengthStrategy,2c5e972e7cdfc20d,49.9178532427918,1,30,1.5,7.46,2.75,2.918,40.0,90,1.054,2.02,True
AU200,M30,RANGE,ZScoreVWAPReversionStrategy,c9a34bd2345eec61,61.256870696682405,1,18,2.546,7.61,2.0,7.463,72.22,45,1.605,10.19,True
AU200,M30,CHOP,EngulfingPatternStrategy,11330ea931f31d25,54.10954562962068,2,40,1.708,15.2,3.98,4.139,52.5,114,1.04,3.25,True
AU200,H1,TREND,ZScoreVWAPReversionStrategy,6bf86483a505e47f,71.94544291092198,1,10,6.126,5.28,1.02,15.303,90.0,27,1.156,1.57,True
AU200,H1,CHOP,ZScoreVWAPReversionStrategy,6bf86483a505e47f,72.68414262207635,1,11,6.505,5.93,1.05,15.959,90.91,27,2.295,7.88,True
AU200,H4,TREND,VortexTrendStrategy,08de7325d623e85f,60.15326949065619,1,68,1.658,8.95,2.52,3.616,80.88,161,1.124,5.03,True
AU200,H4,RANGE,VortexTrendStrategy,3191597c81710832,61.30228460928101,1,12,3.068,8.19,1.86,8.762,66.67,30,1.456,6.28,False
AU200,H4,CHOP,AroonTrendStrategy,7534acee7d37bab9,62.65771387217155,1,22,2.5,13.36,2.45,7.238,63.64,71,1.101,3.62,False
AU200,D1,TREND,StochasticReversalStrategy,ea77b3b1111f54e9,63.16864635534772,1,39,1.84,5.92,1.6,4.39,82.05,91,1.172,4.02,True
AU200,D1,CHOP,ParabolicSARTrendStrategy,2f086f87630b351d,56.45655904719218,1,16,2.676,10.22,3.23,7.57,62.5,34,1.653,10.4,False
AUDCAD,M30,RANGE,ZScoreVWAPReversionStrategy,c3912febb09c31da,54.33755442984504,1,23,1.946,6.77,4.92,5.233,69.57,85,1.015,0.57,False
AUDCAD,H4,TREND,RSIDivergenceStrategy,03dcdf7267a84762,61.97650928831376,1,43,2.395,7.12,2.75,6.033,88.37,88,1.521,7.89,True
AUDCAD,H4,RANGE,EMAPullbackContinuationStrategy,ff79d44c1f83d1ab,79.13425628775377,1,11,8.044,7.46,1.01,18.632,90.91,42,2.643,18.99,True
AUDCAD,H4,CHOP,EMAPullbackContinuationStrategy,ff79d44c1f83d1ab,51.518172794017445,5,31,1.461,5.24,2.89,2.958,64.52,122,1.358,19.34,True
AUDCAD,D1,TREND,KeltnerPullbackStrategy,722c53a70b3853f8,66.64318160549922,1,10,3.583,7.82,1.02,10.036,70.0,27,1.172,2.52,False
AUDJPY,M5,TREND,MomentumBurstStrategy,f7463d2bc42bf10c,53.04027522044243,1,34,1.726,13.12,4.0,4.157,50.0,59,1.103,3.54,True
AUDJPY,M15,RANGE,MomentumBurstStrategy,42706e38472debed,41.58686287906005,3,36,1.346,9.06,5.78,2.17,38.89,86,1.345,19.41,True
AUDJPY,M30,TREND,MomentumBurstStrategy,c43e17e86fa9ed1c,51.020669578193385,1,67,1.447,6.22,4.5,2.618,79.1,123,1.121,3.5,True
AUDJPY,H1,TREND,KeltnerBreakoutStrategy,d829d4d5bb22057e,38.809857381632376,7,194,1.171,25.84,9.99,1.193,40.21,465,1.267,91.63,True
AUDJPY,H1,RANGE,EMAPullbackContinuationStrategy,80582394ebefc823,49.21491960995492,4,22,1.801,11.48,5.96,4.391,50.0,94,1.117,12.14,True
AUDJPY,H1,CHOP,SqueezeBreakoutStrategy,1d073cdeee20dffe,59.43045867460489,1,12,2.841,7.67,2.01,8.169,66.67,29,2.013,12.94,True
AUDJPY,H4,TREND,RSIDivergenceStrategy,1a6f0fcb19dc5c88,57.65760003065003,2,21,1.969,7.69,2.95,5.318,61.9,46,1.431,10.09,False
AUDJPY,H4,CHOP,KeltnerFadeStrategy,0ea2b020b49244be,66.91842636820449,1,10,3.831,5.72,1.03,10.882,80.0,35,1.414,5.61,False
AUDJPY,D1,TREND,EMAPullbackContinuationStrategy,04e1d0dd730488a3,77.26959302027477,1,26,4.919,8.42,0.98,13.128,88.46,75,1.527,9.08,True
AUDJPY,D1,CHOP,EMAPullbackContinuationStrategy,a4bed871ce7d65b5,65.59105156830216,1,25,2.616,11.01,1.88,7.754,72.0,67,1.355,10.58,True
AUDNZD,H4,TREND,StochRSITrendGateStrategy,c591982006e1fec6,63.82876669921848,1,45,1.892,9.74,2.11,4.854,77.78,100,1.226,6.83,True
AUDNZD,H4,RANGE,EMAPullbackContinuationStrategy,882f2c15cc512341,79.81182609281845,1,28,4.048,11.62,0.89,11.575,85.71,61,1.343,8.43,True
AUDNZD,H4,CHOP,EMAPullbackContinuationStrategy,594e4abaf6cbf0e1,59.91747473254277,1,59,1.624,10.25,2.42,3.691,74.58,202,1.287,22.54,True
AUDNZD,D1,TREND,WilliamsRStrategy,036a2dc03c032400,60.92820029479411,2,12,2.965,10.39,1.87,8.092,58.33,31,2.041,15.72,True
AUDNZD,D1,RANGE,EMAPullbackContinuationStrategy,5c1ad66f5b426c0e,72.41830760385233,2,14,6.289,5.45,1.02,15.119,92.86,30,3.181,9.28,True
AUDNZD,D1,CHOP,EMAPullbackContinuationStrategy,e3c3ed525c897fdb,89.40043787829472,1,30,10.577,10.17,1.03,19.603,93.33,62,1.445,5.95,True
AUDUSD,M15,TREND,MomentumBurstStrategy,0b6543e909b8889c,55.92503962444771,1,39,1.666,9.68,3.05,4.04,64.1,191,1.244,21.69,True
AUDUSD,H1,RANGE,KeltnerBreakoutStrategy,aa1fa820e2dff793,52.265349182219076,2,66,1.617,15.35,4.92,3.729,56.06,158,1.215,23.64,False
AUDUSD,H1,CHOP,SqueezeBreakoutStrategy,e5c0153bee469089,52.02448445312754,2,43,1.64,9.15,5.24,3.862,69.77,108,1.121,5.14,True
AUDUSD,H4,TREND,MACDDivergenceStrategy,c5a2615302ace320,62.19345191085632,1,25,2.257,7.87,1.98,6.411,76.0,73,1.576,13.64,True
AUDUSD,H4,CHOP,AroonTrendStrategy,ccaa33f56b8614a6,58.35206417434942,2,26,1.851,5.43,2.77,4.763,73.08,73,1.18,4.46,True
AUDUSD,D1,TREND,KeltnerPullbackStrategy,6f75fb9506b63f37,66.17795961668673,1,30,2.741,5.21,1.68,6.934,90.0,77,1.438,5.96,True
BCHUSD,M5,TREND,ATRPercentileBreakoutStrategy,d2560b755ed22785,48.333586729635606,1,51,1.465,12.7,4.34,2.895,45.1,168,1.353,34.74,True
BCHUSD,M15,RANGE,RSITrendFilteredMRStrategy,85a335e3e75b2104,55.52509367977,3,20,1.891,8.73,2.31,4.569,45.0,32,1.644,7.9,True
BCHUSD,M30,TREND,KeltnerFadeStrategy,ac9da03c5a2c170a,59.78034914782198,1,75,1.67,10.83,2.9,3.834,77.33,158,1.021,0.96,True
BCHUSD,M30,RANGE,KeltnerPullbackStrategy,a5fa41359b45d655,60.27277018056233,1,57,1.759,18.05,2.74,4.354,54.39,160,1.127,13.13,True
BCHUSD,M30,CHOP,KeltnerPullbackStrategy,f9690864721614bc,57.96545914430248,1,70,1.927,35.1,4.96,4.905,50.0,168,1.319,38.98,True
BCHUSD,H1,TREND,EMAPullbackContinuationStrategy,acb0ae05ae461500,63.43170632881672,2,360,1.486,104.37,6.23,3.018,64.44,1048,1.608,983.89,True
BCHUSD,H1,RANGE,ZScoreVWAPReversionStrategy,fa8935f3ba2ff97f,54.92134925015822,5,13,1.979,5.28,1.78,5.078,53.85,35,1.812,13.13,True
BCHUSD,H1,CHOP,ADXDIStrengthStrategy,645465efc47d1ad7,63.900806119851595,1,14,2.39,5.15,1.0,6.87,71.43,32,1.471,6.75,True
BCHUSD,H4,TREND,VortexTrendStrategy,3191597c81710832,67.5700939885685,1,50,2.466,27.4,2.62,7.035,60.0,137,1.264,19.43,False
BCHUSD,H4,RANGE,StochasticReversalStrategy,19996230c8bba006,67.1432688621188,2,10,4.059,5.23,0.84,11.232,80.0,16,1.437,2.9,True
BCHUSD,H4,CHOP,MomentumBurstStrategy,94d571fc0214b2c5,70.2303690254521,2,79,2.335,25.09,2.49,6.668,78.48,185,2.255,97.75,True
BCHUSD,D1,CHOP,VolatilityBreakoutStrategy,48b820b22c3a3fb3,66.12311551216615,1,20,3.005,13.89,1.78,8.346,60.0,34,1.333,5.66,False
BTCETH,H4,TREND,IchimokuStrategy,0b904d096e0a8343,58.05707558688953,1,26,2.148,18.7,3.17,5.304,42.31,61,1.301,12.49,True
BTCETH,H4,RANGE,MomentumBurstStrategy,d1154b82cff37f6b,41.37800604386317,3,25,1.451,5.3,5.09,2.886,60.0,64,1.492,14.93,True
BTCETH,H4,CHOP,MACDHistogramMomentumStrategy,4464f82dc29c1848,61.356727074403295,1,25,2.416,12.78,2.71,7.001,64.0,73,1.071,2.6,True
BTCETH,D1,TREND,VolatilityBreakoutStrategy,8ee5ca8699144402,72.56240952950604,3,29,3.659,11.2,1.44,10.378,86.21,52,1.131,2.33,True
BTCETH,D1,RANGE,MomentumBurstStrategy,7e3f590f95a60208,70.34880896935405,1,19,3.234,6.92,1.05,9.286,84.21,37,1.77,7.39,True
BTCETH,D1,CHOP,MomentumBurstStrategy,8b7ade1d6c40b384,53.35441849665662,3,30,1.63,9.0,3.78,3.815,63.33,113,1.118,6.08,True
BTCUSD,M5,BREAKOUT,EMAPullbackContinuationStrategy,ded7e2060087eb23,101.80396217393947,1,15,10.0,44249.23,0.0,14.453,100.0,68,2.312,272455.08,True
BTCUSD,M15,TREND,ADXDIStrengthStrategy,41c38187307c7e4b,30.887681710655745,1,33,1.621,37.76,8.45,3.358,63.64,72,1.571,53.09,True
BTCUSD,M15,RANGE,EMAPullbackContinuationStrategy,bfb14f075a32e7ae,45.42581380302464,1,509,1.595,2150.93,19.4,2.941,66.6,1050,1.79,529420.24,True
BTCUSD,M30,RANGE,EMAPullbackContinuationStrategy,d1022edad042e75d,42.863184365939176,1,95,1.972,596.31,14.68,4.663,54.74,164,1.91,3587.56,True
BTCUSD,M30,BREAKOUT,KeltnerPullbackStrategy,d35b447d4fec28cf,10.613603833872913,5,6,2.036,16.45,9.36,5.037,66.67,9,1.109,3.67,True
BTCUSD,M30,CHOP,KeltnerPullbackStrategy,d35b447d4fec28cf,34.20968346355978,2,298,1.316,281.6,17.75,1.932,47.65,1109,1.144,492.53,True
BTCUSD,H1,TREND,FractalSRZoneBreakRetestStrategy,f2d2fa9f12dc89fa,45.481638127270614,1,28,2.954,209.8,9.51,7.9,64.29,68,1.603,131.98,True
BTCUSD,H1,RANGE,MomentumBurstStrategy,8f0b40e411ae1788,52.203088599595134,1,145,1.908,650.46,16.61,4.624,73.79,313,2.04,5975.92,True
BTCUSD,H1,CHOP,SupplyDemandImpulseRetestStrategy,745c819edf231b50,24.148896332227157,4,18,1.53,37.78,15.2,2.954,44.44,80,1.845,167.59,True
BTCUSD,H4,TREND,KeltnerBreakoutStrategy,9af8e34f2102183d,24.54949347794897,1,21,1.574,93.0,17.97,3.282,57.14,41,1.543,104.05,True
BTCUSD,H4,RANGE,MomentumBurstStrategy,00484ed507db5aca,34.90132546678834,3,20,2.521,431.46,14.57,6.39,55.0,26,4.227,496.63,True
BTCUSD,D1,RANGE,KeltnerBreakoutStrategy,f42ac3f9cff1d8c4,18.168888788730833,3,6,10.0,214.87,0.0,61.002,100.0,16,5.12,326.32,True
CADJPY,M5,CHOP,MomentumBurstStrategy,5dc60db07ad54094,59.319400015249585,1,10,3.394,7.37,1.9,9.611,70.0,13,2.4,7.53,False
CADJPY,M30,TREND,FractalSRZoneBreakRetestStrategy,9f97264fd52b2167,54.607325224202896,1,36,1.652,8.92,3.14,3.959,63.89,81,1.274,9.76,True
CADJPY,M30,RANGE,EMAPullbackContinuationStrategy,f6f4334f5f9b28be,42.307675953546955,1,74,1.374,29.69,8.76,2.415,48.65,287,1.465,395.17,True
CADJPY,M30,CHOP,FractalSRZoneBreakRetestStrategy,f88431131eaffe9b,46.82337950941336,1,21,1.496,5.44,5.24,3.099,52.38,77,1.011,0.5,False
CADJPY,H1,TREND,KeltnerPullbackStrategy,4ddb1ca0a782c8ed,38.64483351797329,3,161,1.288,29.85,9.05,1.948,44.72,371,1.212,42.16,True
CADJPY,H1,RANGE,AroonTrendStrategy,156966367a66e304,52.27046422776646,4,28,2.027,15.77,4.23,4.561,35.71,94,1.446,29.44,True
CADJPY,H1,CHOP,SupplyDemandImpulseRetestStrategy,16945c552b059fe2,53.55870352293387,2,46,1.628,15.08,3.43,3.632,45.65,143,1.409,36.02,True
CADJPY,H4,TREND,PinBarReversalStrategy,304b158188e0e895,56.62357742184471,1,86,1.827,36.04,5.68,4.703,55.81,236,1.055,7.35,True
CADJPY,H4,CHOP,CCIReversalStrategy,cbb8d09900deda1d,34.99682719461288,14,6,4.225,5.66,1.72,10.608,66.67,22,2.042,12.27,True
CADJPY,D1,TREND,KeltnerPullbackStrategy,722c53a70b3853f8,62.888175090390114,1,10,3.942,7.56,1.68,10.773,70.0,24,1.063,0.73,False
CHFJPY,M15,TREND,RSITrendFilteredMRStrategy,45af0247279f74dc,53.38697971002068,1,38,1.626,13.82,3.75,3.762,52.63,52,1.188,5.62,True
CHFJPY,M15,RANGE,RSITrendFilteredMRStrategy,45af0247279f74dc,62.51765344405028,1,11,2.616,7.74,1.19,7.391,63.64,21,1.097,1.19,True
CHFJPY,M15,CHOP,ADXDIStrengthStrategy,388a0b7bdbc955e5,48.12906443159135,1,70,1.268,7.88,3.97,1.872,54.29,199,1.005,0.34,True
CHFJPY,M30,TREND,MomentumBurstStrategy,e39d5bc1ce25fb42,45.59654652131955,1,692,1.298,63.44,10.95,1.927,72.98,1606,1.058,39.36,True
CHFJPY,M30,RANGE,EMAPullbackContinuationStrategy,7c7ce5f4435f30c6,49.81773315557564,2,148,1.291,17.85,5.63,1.952,66.89,399,1.189,63.66,True
CHFJPY,M30,CHOP,VolumeSpikeMomentumStrategy,13b8d625706fcd53,47.16260169228346,2,187,1.282,19.03,7.28,1.923,66.84,682,1.034,6.7,True
CHFJPY,H1,TREND,SupplyDemandImpulseRetestStrategy,32301ff73f83bf4a,61.02816576832512,2,15,2.564,9.66,1.89,7.225,60.0,29,1.386,6.24,True
CHFJPY,H1,RANGE,ParabolicSARTrendStrategy,3a667f71735166c9,59.646851857045384,1,38,1.727,11.83,2.3,4.294,60.53,99,1.07,4.46,True
CHFJPY,H1,CHOP,ParabolicSARTrendStrategy,3a667f71735166c9,57.597475040501216,1,40,1.9,14.31,3.89,5.082,62.5,148,1.177,15.71,True
CHFJPY,H4,TREND,StochRSITrendGateStrategy,3767f2d4801481f9,55.39843276529596,1,23,1.848,10.01,2.94,4.554,47.83,68,1.141,5.57,True
CHFJPY,H4,RANGE,ROCExhaustionReversalStrategy,7252dd46eaf6fddc,85.57141436880549,1,12,10.473,8.77,0.86,22.208,91.67,25,1.199,2.25,False
CHFJPY,H4,CHOP,FibonacciRetracementPullbackStrategy,2c8a6b85f6a5e098,59.370494997870914,5,30,1.946,8.62,2.49,5.283,66.67,96,1.333,12.85,True
CHFJPY,D1,TREND,PivotBreakoutStrategy,a4c1e373dd2e60c2,75.32939731514759,1,29,2.749,13.04,0.96,8.204,72.41,44,1.185,3.37,True
CHFJPY,D1,CHOP,ParabolicSARTrendStrategy,2f086f87630b351d,58.4787508546968,4,11,2.564,5.62,1.79,7.242,63.64,26,1.284,3.48,False
DE30,M5,TREND,MomentumBurstStrategy,9b2334e972ba3bea,69.77653635975581,1,216,1.695,27.41,2.59,3.638,83.8,1081,1.197,58.24,True
DE30,M5,BREAKOUT,MomentumBurstStrategy,26768d8b4ce5cf0a,77.4866098809235,1,33,6.405,7.61,1.29,15.08,93.94,40,1.142,2.78,True
DE30,M15,TREND,ADXDIStrengthStrategy,004fde964b27a7ba,51.19070623017266,1,24,1.61,7.03,3.84,3.688,54.17,71,1.195,6.97,True
DE30,M15,RANGE,FractalSRZoneBreakRetestStrategy,fe8d7b759a52107f,53.47737583463247,1,20,1.959,10.55,4.13,5.01,50.0,31,1.119,2.27,True
DE30,M15,CHOP,DonchianBreakoutStrategy,e6dbb4da814557cf,60.97698479292659,1,322,1.474,98.61,6.91,2.945,64.6,797,1.273,253.59,True
DE30,M30,TREND,TRIXMomentumStrategy,51be91002e71a2f6,59.554927190702635,1,92,1.807,47.84,4.94,4.427,48.91,219,1.126,17.66,True
DE30,M30,RANGE,KeltnerBreakoutStrategy,d2c39f4169678d44,69.43325179001565,1,143,1.92,84.23,5.35,4.944,70.63,289,1.879,483.07,True
DE30,M30,BREAKOUT,PivotBreakoutStrategy,af8e640515f46074,32.55195805104259,10,5,6.864,6.48,1.1,15.166,80.0,12,2.029,7.46,False
DE30,M30,CHOP,IchimokuStrategy,95a2d09605e45c23,62.780192267532364,1,84,2.186,41.01,4.74,6.251,64.29,220,1.325,31.11,True
DE30,H1,TREND,SqueezeBreakoutStrategy,01411cec510bdbd0,55.8390349740578,1,109,1.431,13.01,3.57,2.676,74.31,264,1.008,0.64,True
DE30,H1,RANGE,KeltnerBreakoutStrategy,dbebf3fe6ed03ef1,74.06962748012063,1,80,2.288,74.54,4.13,6.277,72.5,208,1.6,197.2,True
DE30,H1,CHOP,VortexTrendStrategy,e98acc8a56c6cc63,60.54450066390111,1,41,2.03,23.39,3.3,5.352,51.22,112,1.36,22.75,True
DE30,H4,TREND,MACDTrendStrategy,37f76c2103673105,54.04165680893483,2,84,1.646,24.8,4.92,3.956,58.33,244,1.296,40.67,True
DE30,H4,RANGE,DonchianBreakoutStrategy,e47af07f4a5a98e4,90.02613684974746,1,32,10.145,9.71,1.0,19.328,96.88,58,1.554,5.66,True
DE30,H4,CHOP,EMAPullbackContinuationStrategy,e8d603c63fe9f833,58.066987651905585,2,70,1.66,15.43,3.68,3.938,71.43,176,1.279,21.64,True
DE30,D1,TREND,EMACrossoverStrategy,63d7869f9f409ac6,66.48016853591838,2,15,3.803,10.98,1.95,10.254,73.33,63,1.59,17.92,False
DE30,D1,CHOP,BollingerBounceStrategy,1e266ed6b0844ea9,67.32188207047913,1,13,3.168,6.31,0.99,9.037,76.92,37,1.427,7.16,False
DOGUSD,D1,TREND,MACDTrendStrategy,d11b2c14d400638b,68.6067330881524,1,11,3.969,9.27,1.01,11.047,72.73,14,1.701,4.18,False
DOGUSD,D1,RANGE,EMAPullbackContinuationStrategy,a41d13f20911d5e9,84.37719628492778,1,11,10.0,6.83,0.0,742.313,100.0,21,3.726,7.71,True
DOGUSD,D1,CHOP,MomentumBurstStrategy,36bccb642fc354ef,52.028182086181296,1,15,1.856,6.97,3.79,4.672,53.33,32,1.33,5.93,True
ES35,M5,TREND,ATRPercentileBreakoutStrategy,5177c8e0c79077dc,37.52870247996368,1,109,1.217,17.23,10.23,1.47,38.53,292,1.028,5.69,True
ES35,M5,CHOP,ATRPercentileBreakoutStrategy,bd69c08369a268b9,60.55393623277166,1,14,2.652,8.62,1.95,7.614,64.29,25,1.161,2.1,False
ES35,M15,TREND,ADXDIStrengthStrategy,1c086fd2554e554e,43.21911521595093,3,112,1.367,32.05,8.2,2.254,36.61,301,1.092,19.83,True
ES35,M15,RANGE,ADXDIStrengthStrategy,87475c78c9c838bf,64.7559479369333,1,35,2.213,10.41,2.05,6.234,77.14,77,1.44,10.34,True
ES35,M15,CHOP,KeltnerBreakoutStrategy,bc4b2db73845d938,62.2266796052175,1,114,1.922,119.95,7.45,4.66,52.63,263,1.592,514.12,True
ES35,M30,TREND,SupplyDemandImpulseRetestStrategy,7a021aceb545eaeb,54.72725064729047,1,49,1.731,17.78,4.64,4.336,59.18,92,1.327,16.5,True
ES35,M30,RANGE,FractalSRZoneBreakRetestStrategy,f88431131eaffe9b,66.48063669899663,1,10,3.464,7.56,1.01,9.775,70.0,31,1.394,7.19,False
ES35,M30,CHOP,SqueezeBreakoutStrategy,1a32671475ef50d4,59.51267959691013,1,26,2.364,20.14,3.3,6.287,50.0,61,1.289,13.08,True
ES35,H1,TREND,MarketStructureBOSPullbackStrategy,3fa68b00e38dfb37,64.93714368350952,1,53,2.144,31.55,3.18,5.935,56.6,151,1.071,7.03,True
ES35,H1,RANGE,MarketStructureBOSPullbackStrategy,b4152cd1bc2c87cc,61.614804969948096,1,27,2.098,7.04,2.22,5.751,74.07,55,1.261,4.89,True
ES35,H1,CHOP,MomentumBurstStrategy,183b8f107592e498,66.01105187170617,1,29,2.905,6.28,1.42,7.549,89.66,168,1.708,19.13,True
ES35,H4,TREND,MarketStructureBOSPullbackStrategy,e40fa0fa7095c31a,66.12828669649295,1,17,3.275,12.33,1.98,9.547,70.59,59,1.089,3.0,True
ES35,H4,RANGE,KeltnerBreakoutStrategy,aa1fa820e2dff793,53.77387808321442,1,39,1.913,18.86,5.6,5.081,58.97,43,1.451,9.1,False
ES35,H4,CHOP,PivotBreakoutStrategy,15c3473810d78725,57.70835052699621,2,39,1.577,9.16,2.09,3.596,61.54,101,1.046,2.32,True
ES35,D1,TREND,TRIXMomentumStrategy,d674c9796f2af835,63.571753772898255,2,17,2.718,10.86,1.96,7.866,64.71,71,1.209,8.07,False
ES35,D1,CHOP,TurtleSoupReversalStrategy,7a3709669ee0fdc9,59.07191147205042,1,19,1.877,5.76,1.96,4.857,63.16,41,1.088,1.83,False
ETHUSD,M5,TREND,EMAPullbackContinuationStrategy,4404d6a83c0922ec,55.95867692929628,2,5854,1.571,1663101.12,10.42,2.374,70.67,14811,1.455,3637305.77,True
ETHUSD,M5,RANGE,VolumeSpikeMomentumStrategy,181f80da260ee6e6,52.795923397186336,2,28,2.137,12.26,4.92,5.877,57.14,110,1.516,25.83,True
ETHUSD,M5,CHOP,RSITrendFilteredMRStrategy,e2e5e127aadbc7b9,52.506077339053675,1,43,1.662,9.46,4.69,4.007,62.79,123,1.447,27.68,False
ETHUSD,M15,TREND,EMAPullbackContinuationStrategy,e51f4cacdcaeea35,48.16125674858161,3,1080,1.577,2177.01,15.93,2.45,59.72,2750,1.553,787849.86,True
ETHUSD,M15,RANGE,KeltnerBreakoutStrategy,257856ef8d6ede9f,46.90419786902277,1,138,1.306,21.02,6.76,2.032,57.25,390,1.108,32.53,True
ETHUSD,M15,CHOP,KeltnerBreakoutStrategy,f842520c16026f4a,54.789574197600885,2,254,1.606,108.06,9.01,3.559,52.76,701,1.224,582.69,True
ETHUSD,M30,TREND,RSITrendFilteredMRStrategy,1fe33ca0409af22c,49.83927380654669,1,65,1.426,8.86,4.09,2.766,58.46,156,1.253,15.52,True
ETHUSD,M30,RANGE,MarketStructureBOSPullbackStrategy,ddbfd25308b3ce5e,67.37861485502822,1,58,2.301,28.99,2.67,6.29,56.9,129,1.044,3.99,True
ETHUSD,M30,BREAKOUT,DonchianBreakoutStrategy,f61dc8e73a9c39ef,66.11960693061529,1,14,3.755,15.49,1.96,10.128,71.43,15,3.088,53.33,False
ETHUSD,M30,CHOP,KeltnerBreakoutStrategy,76c9cba22489d926,53.96308647026802,1,54,1.48,6.25,2.74,2.918,70.37,166,1.265,14.03,True
ETHUSD,H1,TREND,EMAPullbackContinuationStrategy,e8d603c63fe9f833,60.52192734292517,2,472,1.581,132.03,8.16,3.348,70.34,1246,1.798,2053.22,True
ETHUSD,H1,RANGE,EMAPullbackContinuationStrategy,6747cb3f23da5d33,48.33684013911379,4,126,1.579,33.59,8.5,3.33,70.63,240,1.715,254.49,True
ETHUSD,H1,CHOP,EMARibbonADXStrategy,440cbbe9f4e6e31a,74.88884468713766,1,15,4.928,6.56,0.86,12.994,86.67,58,1.465,9.01,True
ETHUSD,H4,TREND,MomentumBurstStrategy,6789f481171b4dd4,60.80728352332173,1,65,2.283,65.02,6.53,6.098,67.69,144,1.627,93.87,True
ETHUSD,H4,RANGE,DonchianBreakoutStrategy,2bfeb427b0ab135c,67.84285992132116,1,28,2.723,18.64,2.0,7.504,71.43,71,1.888,28.67,True
ETHUSD,H4,BREAKOUT,DonchianBreakoutStrategy,2bfeb427b0ab135c,53.42989991882367,1,7,10.0,12.29,0.0,51.876,100.0,4,10.0,6.71,True
ETHUSD,H4,CHOP,TRIXMomentumStrategy,b845361de912e3c0,68.30915949557377,1,15,3.58,15.12,2.07,10.209,80.0,48,1.99,26.1,True
ETHUSD,D1,TREND,MomentumBurstStrategy,4cf20dca0487cad1,93.877759896243,1,25,9.93,68.76,2.68,18.583,88.0,58,2.717,77.2,True
ETHUSD,D1,RANGE,FibonacciRetracementPullbackStrategy,e50fefd127bcbb62,42.469497695086375,1,5,10.0,11.02,0.0,47.098,100.0,6,5.449,6.51,True
ETHUSD,D1,CHOP,VolatilityBreakoutStrategy,48b820b22c3a3fb3,45.83282141181485,1,11,2.303,15.39,3.76,6.004,54.55,27,1.776,22.21,False
EU50,M5,TREND,ATRPercentileBreakoutStrategy,bd69c08369a268b9,60.92043109291979,1,22,2.035,10.0,1.98,5.544,59.09,31,1.046,0.88,False
EU50,M15,TREND,SupplyDemandImpulseRetestStrategy,532ddf6f3a557cb9,59.63908391801822,1,28,2.132,14.76,2.96,5.879,57.14,74,1.216,9.08,True
EU50,M30,CHOP,RSITrendFilteredMRStrategy,fda87640cf25d2f9,55.34743877193415,1,21,2.172,12.18,3.5,5.366,42.86,90,1.037,1.61,True
EU50,H1,TREND,ZScoreVWAPReversionStrategy,78c2196f52ce396b,52.74316278153675,1,43,1.548,12.13,3.47,3.388,51.16,138,1.03,2.41,True
EU50,H1,RANGE,FibonacciRetracementPullbackStrategy,157c413677980c25,60.463046407626166,3,19,2.404,11.77,2.02,6.731,57.89,36,1.984,15.19,True
EU50,H1,CHOP,FibonacciRetracementPullbackStrategy,52cca628b8d62f5f,47.52830709157342,2,26,1.44,6.4,4.32,2.801,50.0,60,1.151,4.17,False
EU50,H4,TREND,RSIDivergenceStrategy,1a6f0fcb19dc5c88,59.1860425577467,1,10,2.841,5.55,1.9,8.183,70.0,36,1.531,8.72,False
EU50,H4,RANGE,TurtleSoupReversalStrategy,28c4182279bdf275,70.29594074724281,1,21,2.972,5.63,0.94,8.337,85.71,47,1.179,2.29,True
EU50,H4,CHOP,FibonacciRetracementPullbackStrategy,52cca628b8d62f5f,67.73265329256547,1,15,4.035,12.48,1.85,11.369,73.33,37,1.702,12.25,False
EU50,D1,TREND,LiquiditySweepReversalStrategy,17867f43aa5aabc9,69.57520319622704,1,21,2.914,6.07,1.01,8.145,85.71,65,1.657,10.47,True
EU50,D1,RANGE,NarrowRangeBreakoutStrategy,38f68f4362c00c62,41.06065585599806,6,6,6.463,5.28,0.92,15.441,83.33,10,3.133,6.72,True
EU50,D1,CHOP,MomentumBurstStrategy,af4b52030ca5d869,63.330830706904294,1,34,2.185,6.52,2.11,5.541,85.29,98,1.344,8.67,True
EURAUD,M15,CHOP,MomentumBurstStrategy,73de346d70773990,22.734914544288632,4,8,3.439,11.79,3.27,8.151,50.0,49,1.21,8.75,True
EURAUD,M30,RANGE,VolumeSpikeMomentumStrategy,3ba0b8172848a0a5,49.42251577515967,1,42,1.327,5.26,2.32,2.131,45.24,87,1.092,5.09,True
EURAUD,H1,TREND,MarketStructureBOSPullbackStrategy,b72a2fcaf7197b5f,50.31306096210084,2,152,1.299,19.68,5.32,2.047,61.84,383,1.109,22.58,True
EURAUD,H1,RANGE,DonchianBreakoutStrategy,56d59d311ce1491d,61.112044853657764,1,43,1.942,16.06,2.79,5.188,58.14,110,1.028,1.93,True
EURAUD,H1,CHOP,ZScoreVWAPReversionStrategy,14ac63be0266c83d,58.105238255941124,2,17,2.418,10.33,2.82,6.782,58.82,30,1.329,5.97,True
EURAUD,H4,TREND,OBVDivergenceStrategy,929b9ca2754a4f62,72.42593472369009,1,18,3.888,8.91,1.18,11.203,83.33,52,1.378,7.58,True
EURAUD,H4,RANGE,KeltnerBreakoutStrategy,c2b5d16d10a6bc06,68.27442584663896,1,33,2.657,18.21,2.03,7.883,69.7,63,1.188,6.04,True
EURAUD,H4,CHOP,TRIXMomentumStrategy,d674c9796f2af835,68.16863256919129,1,26,2.734,16.08,1.78,8.019,65.38,82,1.412,19.47,False
EURAUD,D1,TREND,MomentumBurstStrategy,80fb4924443546a5,86.46176675368397,1,22,5.542,18.0,0.99,14.765,81.82,35,1.223,4.51,True
EURAUD,D1,CHOP,TurtleSoupReversalStrategy,d21abad12f6885d1,37.335801551388904,5,8,10.0,6.2,0.0,181.351,100.0,40,1.783,9.24,True
EURCAD,H1,CHOP,OBVDivergenceStrategy,f8b9c72448826e8b,66.41999139765953,1,48,2.292,11.1,2.13,6.22,83.33,110,1.182,5.53,True
EURCAD,H4,TREND,SqueezeBreakoutStrategy,1f4cba8a5fb23b28,60.01606686976462,1,15,2.486,8.42,2.12,6.849,60.0,46,1.307,6.77,False
EURCAD,H4,RANGE,ROCExhaustionReversalStrategy,7252dd46eaf6fddc,66.89223099589331,1,13,3.155,5.74,1.0,9.199,76.92,43,1.008,0.16,False
EURCAD,H4,CHOP,OBVDivergenceStrategy,7079990e3132898a,63.229426287894945,1,11,2.65,6.51,0.99,7.502,63.64,35,1.537,8.19,True
EURCAD,D1,TREND,ROCExhaustionReversalStrategy,90be15dcb0efe388,84.87610820516022,1,11,10.0,5.44,0.0,257.261,100.0,42,1.335,3.58,True
EURCAD,D1,CHOP,ROCExhaustionReversalStrategy,7252dd46eaf6fddc,68.03805563566817,3,11,4.162,6.55,1.03,11.543,81.82,19,1.612,4.19,False
EURCHF,H1,RANGE,MomentumBurstStrategy,b40e62dbbf07f98a,68.04654550909439,1,15,4.526,13.65,2.13,12.272,73.33,44,1.245,4.53,True
EURCHF,H4,TREND,EMACrossoverStrategy,9cbcb9bc24e86772,54.73938503549073,3,33,1.711,9.43,3.56,4.243,60.61,66,1.188,6.18,True
EURCHF,H4,CHOP,StochRSITrendGateStrategy,ca4c3eddc35265cf,60.258503164473886,5,21,1.875,6.02,1.99,4.943,66.67,53,1.071,1.72,False
EURCHF,D1,TREND,StochasticReversalStrategy,091eaf419e5f3a03,65.76640695026717,1,10,3.276,6.34,0.97,9.327,70.0,42,1.437,8.27,True
EURGBP,H1,RANGE,SupplyDemandImpulseRetestStrategy,8062655c7b657378,49.60794513028249,2,25,2.078,15.99,6.21,4.942,40.0,54,1.355,10.99,True
EURGBP,H4,TREND,ZScoreMRStrategy,c83f15202fa788e2,62.45539013544505,1,17,3.459,15.61,2.82,9.681,64.71,49,1.874,22.18,True
EURGBP,H4,RANGE,IchimokuStrategy,9538bfc4d2b4eea1,37.54609912502226,8,6,7.151,6.27,0.95,16.382,83.33,8,2.306,3.5,False
EURGBP,H4,CHOP,NarrowRangeBreakoutStrategy,b3db5c2db91bc0c1,63.560715350890256,1,37,2.023,7.32,2.06,5.251,81.08,133,1.1,3.9,True
EURGBP,D1,TREND,ZScoreMRStrategy,ab7cf109dfacb1be,57.82032240500874,3,10,2.924,6.02,2.0,8.415,70.0,30,1.956,11.75,True
EURGBP,D1,RANGE,BollingerBounceStrategy,60dd764a1c72c10a,17.158584580517996,16,9,3.338,5.11,2.14,9.572,77.78,10,1.027,0.13,True
EURJPY,M5,CHOP,MomentumBurstStrategy,51032ed695f48d52,60.00683240772279,1,34,1.863,12.7,2.57,4.883,58.82,109,1.157,9.04,True
EURJPY,M30,TREND,VolumeSpikeMomentumStrategy,f5bea2e6ba2c8d65,50.410513857736426,1,30,1.911,17.98,5.54,4.643,43.33,105,1.362,24.15,True
EURJPY,M30,RANGE,DonchianBreakoutStrategy,9f9f9b3c6a6a79ac,43.27810574951932,1,71,1.179,6.46,4.58,1.282,47.89,213,1.108,23.72,True
EURJPY,M30,CHOP,EMAPullbackContinuationStrategy,d876abed298cd431,45.054711603292915,1,480,1.272,50.0,10.01,1.738,73.12,1180,1.278,320.92,True
EURJPY,H1,TREND,EMAPullbackContinuationStrategy,04e1d0dd730488a3,56.89984342831064,1,861,1.308,114.61,8.25,1.934,73.52,2160,1.345,753.14,True
EURJPY,H1,RANGE,EMAPullbackContinuationStrategy,cc156b386ddfa7c6,52.212235768091396,1,136,1.425,25.12,6.0,2.53,75.0,345,1.282,62.6,True
EURJPY,H1,CHOP,EMAPullbackContinuationStrategy,921d9ce1badf3670,50.27117776498313,2,32,1.675,11.9,4.61,3.866,46.88,146,1.444,44.76,True
EURJPY,H4,TREND,MarketStructureBOSPullbackStrategy,bbd64a279ca90468,61.79467169624191,1,38,2.408,13.73,3.34,7.018,76.32,111,1.3,11.42,True
EURJPY,H4,RANGE,ParabolicSARTrendStrategy,46bea52733bebd23,60.09696174093471,1,12,2.014,5.28,1.08,5.329,58.33,29,1.281,4.47,True
EURJPY,H4,CHOP,SqueezeBreakoutStrategy,1f4cba8a5fb23b28,62.635949044240355,3,15,3.581,10.8,2.83,10.146,73.33,54,1.236,6.67,False
EURJPY,D1,CHOP,EMAPullbackContinuationStrategy,de17d528fdfdb1b7,76.42833497070787,1,23,5.544,5.01,0.84,13.278,91.3,76,1.691,8.32,True
EURUSD,M30,TREND,FractalSRZoneBreakRetestStrategy,57a02bd0c16bcba5,57.04351823881926,1,28,1.738,5.44,2.84,4.174,75.0,96,1.233,7.49,True
EURUSD,M30,RANGE,RSITrendFilteredMRStrategy,45ff7afabd7e3a86,58.15916769351326,1,16,1.991,7.65,1.92,5.087,50.0,43,1.345,6.47,True
EURUSD,M30,CHOP,RSITrendFilteredMRStrategy,45ff7afabd7e3a86,50.9122046985152,1,33,1.652,11.47,4.05,3.74,45.45,104,1.087,4.49,True
EURUSD,H1,TREND,EMAPullbackContinuationStrategy,d55f014ee6cc6a36,41.701490952653224,2,331,1.171,28.24,8.64,1.244,54.98,913,1.142,193.83,True
EURUSD,H1,RANGE,RSITrendFilteredMRStrategy,41307e105b64b852,61.76214384879356,1,13,2.905,13.19,2.07,7.653,53.85,47,1.359,11.06,True
EURUSD,H1,CHOP,EMAPullbackContinuationStrategy,c644c1e1643a899e,51.1272249862996,2,129,1.364,26.46,5.1,2.4,51.16,376,1.341,198.2,True
EURUSD,H4,TREND,EMACrossoverStrategy,4b01140e93bb7ba2,56.50800878408148,4,30,1.799,7.33,3.44,4.607,70.0,97,1.172,6.95,True
EURUSD,H4,RANGE,RSIExtremesStrategy,c5aca6efc4b12e59,59.944998122549976,4,11,3.101,12.4,1.93,7.367,45.45,30,1.164,3.79,True
EURUSD,H4,CHOP,SqueezeBreakoutStrategy,a3d061b989dc27b2,62.0093355051951,1,36,1.814,10.3,1.91,4.694,63.89,96,1.279,12.59,True
EURUSD,D1,TREND,KeltnerPullbackStrategy,ac1b9f4ab8f4426d,59.78075809347931,2,10,3.024,6.24,1.93,8.686,70.0,28,1.532,6.53,True
EURUSD,D1,CHOP,ParabolicSARTrendStrategy,c7be0b202bfee2e5,63.61644655831468,1,11,3.178,6.3,0.99,9.2,72.73,32,2.57,16.08,True
GBPAUD,M15,CHOP,MomentumBurstStrategy,3b52f271adb7ad56,50.92826064746779,1,15,1.669,5.18,2.86,3.767,46.67,94,1.19,9.65,True
GBPAUD,H1,TREND,ZScoreVWAPReversionStrategy,2c61c0d0a5c4cf22,59.85518930316376,1,12,2.038,5.26,1.04,5.43,58.33,45,1.786,16.85,True
GBPAUD,H1,RANGE,SupplyDemandImpulseRetestStrategy,26cac8c2e4b7c171,52.13514996891759,1,10,2.455,7.0,3.68,6.32,50.0,33,1.317,6.08,True
GBPAUD,H1,CHOP,ZScoreVWAPReversionStrategy,4a9b046de6eb72bb,53.77492155691003,1,32,1.682,12.98,3.21,3.899,46.88,48,1.378,11.6,True
GBPAUD,H4,TREND,OBVDivergenceStrategy,cffa3fb739789f45,55.09502243806842,2,26,1.656,8.31,2.54,3.902,53.85,57,1.137,4.51,True
GBPAUD,H4,RANGE,WilliamsRStrategy,2da8378d38f12d00,59.776408358393816,1,23,1.971,6.08,1.9,5.318,69.57,25,1.499,4.21,True
GBPAUD,H4,CHOP,OBVDivergenceStrategy,cffa3fb739789f45,56.22509156438938,2,13,2.371,7.23,3.02,6.655,61.54,46,1.446,10.53,True
GBPAUD,D1,TREND,VolatilityBreakoutStrategy,48b820b22c3a3fb3,71.65618675885116,1,12,3.844,11.32,0.97,10.433,66.67,31,1.205,3.75,False
GBPAUD,D1,RANGE,CCIReversalStrategy,748fe6a52423342f,63.57585549724621,1,11,4.387,6.49,1.86,12.229,81.82,13,1.525,2.83,True
GBPCAD,M15,CHOP,ADXDIStrengthStrategy,f0b1b393ab709053,49.808958567225844,1,23,1.607,6.6,3.81,3.646,52.17,42,1.282,5.01,True
GBPCAD,M30,RANGE,SupplyDemandImpulseRetestStrategy,78e44979614b3d9e,48.17648733631674,1,38,1.361,5.66,3.95,2.417,55.26,67,1.038,0.91,True
GBPCAD,H1,TREND,MomentumBurstStrategy,3126eed97f877d26,40.2267435979215,1,223,1.179,22.5,9.7,1.29,47.98,701,1.09,51.09,True
GBPCAD,H1,RANGE,KeltnerPullbackStrategy,b9cfa1ff0979984b,43.59207144862821,2,53,1.412,10.86,7.38,2.671,49.06,106,1.263,15.03,True
GBPCAD,H1,CHOP,EngulfingPatternStrategy,85ae3620cfbdcd9f,42.19942923413789,1,46,1.268,5.72,5.7,1.852,50.0,114,1.247,14.61,True
GBPCAD,H4,TREND,ADXTrendStrategy,fa9b20c2f0832673,63.5363859692992,1,33,2.556,14.67,2.76,7.599,72.73,72,1.497,14.46,True
GBPCAD,H4,CHOP,VortexTrendStrategy,692bd5e5f33f8c40,59.25658714624307,2,36,1.871,16.14,2.86,4.809,52.78,105,1.219,12.55,True
GBPCAD,D1,TREND,BollingerBounceStrategy,1e266ed6b0844ea9,71.68961261947834,1,12,4.699,7.54,0.98,12.948,83.33,28,1.573,5.75,False
GBPCHF,M30,TREND,SupplyDemandImpulseRetestStrategy,38eabba2323c3c02,59.929759542041275,1,20,1.898,7.82,2.1,5.006,60.0,51,1.261,6.76,True
GBPCHF,H1,TREND,OBVDivergenceStrategy,55a2d7c753cd4dcf,44.74984369688488,2,70,1.406,15.06,7.09,2.656,50.0,172,1.225,23.59,True
GBPCHF,H1,RANGE,OBVDivergenceStrategy,2ef21e18a443b3ab,51.056703078534525,3,11,2.038,5.36,3.82,5.313,54.55,37,1.599,10.47,True
GBPCHF,H1,CHOP,EMAPullbackContinuationStrategy,b660a2cda6425f0c,44.79504256343473,1,45,1.38,9.11,4.38,2.467,46.67,153,1.321,29.47,True
GBPCHF,H4,TREND,AroonTrendStrategy,8eeaf6a561224aa3,66.2840345545863,1,38,2.07,17.87,1.91,5.666,57.89,91,1.235,13.08,True
GBPCHF,H4,CHOP,ParabolicSARTrendStrategy,2f086f87630b351d,53.049839339633955,4,25,1.534,5.56,2.1,3.296,52.0,83,1.237,9.65,False
GBPCHF,D1,TREND,TurtleSoupReversalStrategy,75acd0cd4598d001,72.65866640158232,1,27,3.212,10.9,1.21,9.463,81.48,49,1.381,5.7,True
GBPJPY,M5,RANGE,MomentumBurstStrategy,39f08a97a68683fa,57.95898691071205,1,30,1.673,8.2,2.16,4.049,63.33,120,1.362,19.14,True
GBPJPY,M15,CHOP,RSITrendFilteredMRStrategy,925fd0ab5db5791e,61.37123223263951,1,21,2.35,12.13,2.34,6.531,57.14,74,1.155,6.1,True
GBPJPY,M30,TREND,EMAPullbackContinuationStrategy,0ed8cdcd7606c491,37.165572680583445,5,666,1.188,74.94,14.16,1.361,55.41,1562,1.269,881.51,True
GBPJPY,M30,RANGE,ADXDIStrengthStrategy,6eae145805eb7238,63.979756025439066,1,10,2.987,6.56,1.06,8.578,70.0,26,1.288,3.44,True
GBPJPY,M30,CHOP,KeltnerBreakoutStrategy,2df1e5c41209b088,37.25415516798409,3,193,1.281,39.13,14.37,1.932,57.51,581,1.269,453.43,True
GBPJPY,H1,TREND,EMAPullbackContinuationStrategy,f90e45b4175b43d5,54.63848427158478,1,599,1.328,88.65,7.77,2.17,67.61,1436,1.322,400.04,True
GBPJPY,H1,RANGE,ParabolicSARTrendStrategy,105663920a93d679,55.500785851992426,2,67,1.523,8.07,3.38,3.114,76.12,195,1.226,11.1,True
GBPJPY,H1,CHOP,ParabolicSARTrendStrategy,112a4d86c6198aa0,58.30478101948923,1,30,1.937,11.4,2.9,5.133,56.67,117,1.301,20.42,True
GBPJPY,H4,TREND,EMACrossoverStrategy,63d7869f9f409ac6,57.86246503167953,1,48,1.687,15.89,2.9,4.074,54.17,141,1.163,11.92,False
GBPJPY,H4,CHOP,ZScoreVWAPReversionStrategy,c3912febb09c31da,66.52386195018136,1,11,4.286,6.51,1.0,11.991,81.82,7,2.321,2.57,False
GBPJPY,D1,TREND,ParabolicSARTrendStrategy,2f086f87630b351d,59.53099596348988,2,14,2.622,7.28,1.81,7.432,64.29,20,1.721,5.76,False
GBPJPY,D1,CHOP,MomentumBurstStrategy,0ede61dfd27e36ac,73.14131866305617,1,35,3.017,5.77,0.77,7.994,88.57,109,1.215,4.53,True
GBPUSD,M15,CHOP,ADXDIStrengthStrategy,1f1dcfa2b3b5556b,53.06076278072382,1,23,1.84,11.21,3.99,4.525,47.83,77,1.247,11.82,True
GBPUSD,M30,RANGE,VolumeSpikeMomentumStrategy,871362a86bacf0ab,56.13303452438619,2,36,1.734,11.9,2.96,4.254,52.78,113,1.18,12.17,True
GBPUSD,M30,CHOP,SupplyDemandImpulseRetestStrategy,efdab8f8b79f3830,51.73930057579195,2,46,1.423,7.37,2.77,2.747,52.17,149,1.103,8.51,True
GBPUSD,H1,TREND,EMAPullbackContinuationStrategy,ff79d44c1f83d1ab,63.526874443419246,1,474,1.372,90.42,5.77,2.434,63.29,1223,1.215,455.3,True
GBPUSD,H1,RANGE,KeltnerBreakoutStrategy,c496717aa78f142e,68.84049681538583,1,76,2.089,33.85,3.05,5.821,69.74,188,1.272,45.62,True
GBPUSD,H1,CHOP,KaufmanAMATrendStrategy,0a06a1ff2fdeabe7,51.438464637317644,3,92,1.5,23.21,5.4,3.187,53.26,233,1.15,16.7,True
GBPUSD,H4,TREND,ParabolicSARTrendStrategy,ee589c69e1a342c0,59.83268868881941,1,67,1.842,24.12,3.87,4.812,58.21,156,1.163,13.22,True
GBPUSD,H4,RANGE,HullMATrendStrategy,9871ecf8f4d798d9,67.61608146456815,2,17,3.718,10.45,1.81,10.814,76.47,46,1.235,4.91,True
GBPUSD,H4,CHOP,HullMATrendStrategy,60bd47503a591c9b,63.61348652388738,1,75,1.885,9.09,2.36,4.361,85.33,175,1.028,1.02,True
GBPUSD,D1,TREND,TRIXMomentumStrategy,d674c9796f2af835,74.51237153865945,1,11,5.57,9.56,0.96,13.229,81.82,22,1.237,2.69,False
GBPUSD,D1,CHOP,VolatilityBreakoutStrategy,48b820b22c3a3fb3,51.16041676169947,4,12,1.91,5.38,2.88,4.747,50.0,33,1.607,10.54,False
HK50,M5,TREND,MomentumBurstStrategy,bb6809b4fe8acbbd,46.698391557656414,1,35,1.379,6.11,4.86,2.516,54.29,158,1.169,14.45,True
HK50,M15,TREND,KeltnerBreakoutStrategy,af4e7827d861dec4,51.50015270935281,1,459,1.274,98.07,8.77,1.901,52.94,1337,1.229,290.85,True
HK50,M15,RANGE,FractalSRZoneBreakRetestStrategy,f6e809da05812354,46.040059528846506,1,19,1.494,5.02,3.88,3.024,47.37,37,1.563,10.35,True
HK50,M15,CHOP,KeltnerBreakoutStrategy,fbbc7b836e793b60,60.38252224552266,1,118,1.725,49.21,5.21,4.272,60.17,302,1.281,45.03,True
HK50,M30,TREND,KeltnerBreakoutStrategy,507441876091be24,55.94064307568891,1,343,1.311,64.84,5.87,2.113,53.35,1075,1.287,348.95,True
HK50,M30,RANGE,SupplyDemandImpulseRetestStrategy,fe8bd88f558d864f,76.2873902100352,1,11,5.462,12.57,0.96,13.538,72.73,26,1.723,12.15,True
HK50,M30,BREAKOUT,VolatilityBreakoutStrategy,48b820b22c3a3fb3,57.21162929948558,2,10,2.899,11.39,2.93,7.954,60.0,32,1.966,164.55,False
HK50,M30,CHOP,KeltnerPullbackStrategy,489a0fbdfb1a58fc,54.64144157181347,1,49,1.704,21.8,3.73,3.966,46.94,103,1.609,50.6,True
HK50,H1,TREND,EMARibbonADXStrategy,1e0d2294722c6d4b,67.67783337046285,1,79,1.99,14.19,2.24,4.977,83.54,233,1.134,8.01,True
HK50,H1,RANGE,EMACrossoverStrategy,63d7869f9f409ac6,54.33012705567731,1,35,1.777,13.66,4.06,4.447,54.29,90,1.038,2.3,False
HK50,H1,CHOP,KeltnerBreakoutStrategy,ae236b6e099386c4,64.06519297528253,1,59,2.357,66.33,5.08,6.272,54.24,168,2.14,322.96,True
HK50,H4,TREND,RSIExtremesStrategy,3df6d9f57534ec73,64.58339367623788,1,25,2.531,15.74,2.04,7.001,56.0,90,1.064,3.5,True
HK50,H4,RANGE,MACDHistogramMomentumStrategy,869e3f61e3776b8c,73.94439306263007,1,10,5.754,9.96,1.04,14.619,80.0,27,1.965,10.86,False
HK50,H4,CHOP,MomentumBurstStrategy,7f61e5ceef466484,55.227215995627795,2,93,1.551,19.27,4.5,3.461,65.59,183,1.206,25.84,True
HK50,D1,TREND,AroonTrendStrategy,36a657fd734c4bba,59.45579368629581,2,12,2.945,8.79,1.72,7.879,58.33,26,2.498,19.24,True
HK50,D1,CHOP,CCIReversalStrategy,4d6ea207ad44b069,89.08244199558332,2,22,10.153,9.16,1.0,20.86,95.45,96,1.413,11.37,True
JP225,M5,TREND,ATRPercentileBreakoutStrategy,d209f5ed02b9b02a,47.798173409066045,1,38,1.454,10.3,4.11,2.824,44.74,79,1.305,13.89,True
JP225,M5,RANGE,ATRPercentileBreakoutStrategy,775ae4a8f4d6b95f,56.129381474754716,1,17,2.048,8.61,2.93,5.393,52.94,41,1.043,0.9,True
JP225,M15,TREND,RSITrendFilteredMRStrategy,a22c8d88ae03527e,27.60222837820156,6,8,4.022,6.38,0.99,11.065,75.0,25,1.271,3.49,True
JP225,M15,RANGE,KeltnerBreakoutStrategy,c496717aa78f142e,38.75520622778901,4,197,1.355,50.65,14.15,2.276,57.36,652,1.1,177.12,True
JP225,M30,TREND,RSITrendFilteredMRStrategy,8c1b734a9ac49458,59.67653226854266,1,28,1.767,8.12,2.02,4.494,64.29,62,1.215,5.97,True
JP225,M30,RANGE,ParabolicSARTrendStrategy,6c8120d8354a9f9b,47.45727602306255,3,77,1.572,31.61,7.41,3.378,44.16,255,1.243,50.18,True
JP225,M30,BREAKOUT,VolatilityBreakoutStrategy,ddc26e4b62054194,48.14209220358805,1,13,1.608,5.59,5.06,3.655,61.54,46,2.001,47.88,True
JP225,M30,CHOP,MomentumBurstStrategy,0e5ce230d1b51d53,56.18437747044968,2,57,2.003,37.99,5.7,5.15,49.12,186,1.318,63.22,True
JP225,H1,TREND,OBVDivergenceStrategy,3582a2aa9fde6c91,65.21689434597505,3,84,1.704,14.49,2.07,4.005,77.38,208,1.049,3.22,True
JP225,H1,RANGE,MACDDivergenceStrategy,6db526290c60e184,66.29551531371149,1,19,3.172,12.57,2.12,9.38,73.68,54,1.382,9.12,True
JP225,H1,CHOP,MACDDivergenceStrategy,d4f1890f7e530561,60.28140731019207,2,33,1.854,5.72,2.34,4.617,78.79,112,1.208,5.42,True
JP225,H4,TREND,ZScoreMRStrategy,0678260deb1bb1a6,69.38994072849042,1,42,2.425,25.8,2.17,6.916,59.52,116,1.256,17.33,True
JP225,H4,RANGE,KeltnerBreakoutStrategy,dfde2a61a5460f05,63.157754627464705,1,61,2.012,14.17,2.69,5.269,80.33,157,1.729,27.15,True
JP225,H4,BREAKOUT,KeltnerBreakoutStrategy,dfde2a61a5460f05,58.85294484453807,2,24,2.352,6.53,2.25,6.374,83.33,23,2.592,6.89,True
JP225,H4,CHOP,MomentumBurstStrategy,80fb4924443546a5,67.5784144502148,1,83,2.006,51.16,3.93,5.465,62.65,159,1.642,78.67,True
JP225,D1,TREND,ParabolicSARTrendStrategy,5fd696dff41bac43,62.96868452014569,1,50,1.712,5.3,1.32,3.671,84.0,127,1.18,5.16,True
JP225,D1,CHOP,MomentumBurstStrategy,da987d3332ed87fb,96.0365395956041,1,41,7.671,19.52,0.91,18.202,92.68,76,1.25,6.93,True
LTCUSD,M15,RANGE,ADXDIStrengthStrategy,50b0e3233b7cb991,13.497686997968518,2,5,3.527,5.1,1.89,8.741,60.0,20,1.013,0.17,True
LTCUSD,M30,TREND,ADXDIStrengthStrategy,a7730ba53eda9823,52.74668114442411,1,27,2.036,16.21,5.43,5.361,51.85,84,1.137,7.34,True
LTCUSD,M30,CHOP,KeltnerFadeStrategy,4986edfeec36512b,56.463103045731756,1,37,1.911,14.38,3.45,4.935,51.35,82,1.469,20.06,True
LTCUSD,H1,TREND,EMAPullbackContinuationStrategy,83ec0fc4b4823a54,33.29199159702105,7,169,1.201,22.5,9.94,1.433,47.93,456,1.349,155.22,True
LTCUSD,H1,RANGE,OBVDivergenceStrategy,76444f42785c4a5b,66.58653949489421,1,19,2.194,7.25,1.01,6.22,68.42,37,1.157,2.27,True
LTCUSD,H1,CHOP,EMAPullbackContinuationStrategy,d30968bc0c034ad0,49.513612333684264,2,138,1.437,33.55,6.62,2.819,49.28,519,1.167,80.62,False
LTCUSD,H4,TREND,ADXTrendStrategy,2a63704c26f03be4,67.67917847481556,1,39,2.391,16.74,1.97,6.989,69.23,113,1.573,24.29,True
LTCUSD,H4,RANGE,EMAPullbackContinuationStrategy,a41d13f20911d5e9,64.86603810455559,1,49,2.064,11.99,2.29,5.626,77.55,66,1.393,9.93,True
LTCUSD,H4,CHOP,MomentumBurstStrategy,e0fb9b7ca82b439b,65.13741933550354,1,34,2.223,11.1,1.92,6.352,73.53,146,1.445,31.5,True
LTCUSD,D1,TREND,MomentumBurstStrategy,9a7e3863af9258e1,46.867767994630704,1,29,1.404,6.16,3.94,2.548,44.83,60,1.168,6.4,True
LTCUSD,D1,CHOP,ADXTrendStrategy,3dd3529afcc00d76,80.77905645404957,1,12,6.78,11.56,0.93,16.646,83.33,35,1.032,0.52,True
NZDJPY,M5,RANGE,ATRPercentileBreakoutStrategy,e2d4a7807ac37cad,62.72847376304151,1,10,4.243,15.61,2.34,10.309,60.0,25,2.086,15.59,True
NZDJPY,M30,TREND,MomentumBurstStrategy,5f66bfeb80c352d1,50.815037678264474,1,25,1.816,10.89,5.35,4.551,52.0,62,1.23,7.62,True
NZDJPY,H1,TREND,SqueezeBreakoutStrategy,051665129c3ca68f,52.01475350815899,1,38,1.6,11.49,3.98,3.653,52.63,89,1.166,8.41,True
NZDJPY,H1,RANGE,EMACrossoverStrategy,f0a7a98947f39f68,62.09892847711807,1,27,2.357,9.98,2.28,6.816,66.67,75,1.236,7.3,True
NZDJPY,H1,CHOP,EMAPullbackContinuationStrategy,acb0ae05ae461500,66.94860787286999,1,97,2.027,37.4,3.77,5.61,72.16,337,1.472,135.98,True
NZDJPY,H4,TREND,FractalSRZoneBreakRetestStrategy,f88431131eaffe9b,57.00290611293348,1,14,1.941,5.5,1.97,5.075,57.14,33,1.066,1.29,False
NZDJPY,H4,RANGE,ADXTrendStrategy,4d290c0664062944,67.98031722144994,1,11,4.269,6.7,1.02,11.967,81.82,42,2.786,15.24,True
NZDJPY,H4,CHOP,KaufmanAMATrendStrategy,5432aae42ad74c74,55.475687764283286,1,21,1.899,8.8,3.67,4.966,57.14,96,1.224,13.12,False
NZDJPY,D1,TREND,StochasticReversalStrategy,b86c9a8135846fe9,58.06813251305897,2,21,1.97,6.67,2.88,5.345,66.67,56,1.322,7.66,True
NZDUSD,M15,TREND,MomentumBurstStrategy,5dc60db07ad54094,56.432840922520136,1,14,1.827,5.25,1.97,4.62,57.14,100,1.095,4.9,False
NZDUSD,M30,CHOP,FractalSRZoneBreakRetestStrategy,f88431131eaffe9b,56.97318844447242,1,22,1.902,8.47,3.15,5.022,59.09,53,1.199,5.52,False
NZDUSD,H1,TREND,KeltnerBreakoutStrategy,7a310d8ec277bb32,47.158733361302545,1,185,1.353,40.92,7.7,2.344,46.49,468,1.164,73.07,True
NZDUSD,H1,RANGE,KeltnerBreakoutStrategy,6e4c2a35a0f91e55,55.718162367187375,1,38,1.856,17.6,3.94,4.691,50.0,116,1.352,33.85,True
NZDUSD,H4,TREND,BollingerBounceStrategy,6610e94846b8c969,61.91306906402952,1,25,2.009,9.24,1.97,5.52,64.0,52,1.52,11.75,True
NZDUSD,H4,CHOP,RSIExtremesStrategy,569a0180623064e6,54.69715766685305,2,20,1.926,7.25,3.5,5.114,60.0,61,1.608,16.46,True
NZDUSD,D1,TREND,BollingerBounceStrategy,32b390c312438296,81.69922315295513,1,20,7.557,6.02,0.9,16.615,95.0,46,1.632,5.31,True
SOLUSD,M30,TREND,SupplyDemandImpulseRetestStrategy,b0237a76dc2ee444,54.23611611863721,1,21,2.264,12.41,4.63,6.097,52.38,71,1.029,1.28,True
SOLUSD,M30,CHOP,FractalSRZoneBreakRetestStrategy,3d75ef0488eab555,56.638533810887196,1,14,2.164,7.24,2.22,5.874,57.14,34,1.615,11.99,True
SOLUSD,H1,TREND,SupplyDemandImpulseRetestStrategy,1aa20728144cf728,52.94679703639784,1,17,1.955,8.84,4.4,5.058,52.94,58,1.42,14.42,True
SOLUSD,H1,RANGE,SupplyDemandImpulseRetestStrategy,ef5865fa6194ab01,44.590998551918524,3,35,1.345,7.44,4.98,2.229,42.86,121,1.141,7.83,True
SOLUSD,H1,CHOP,VolumeSpikeMomentumStrategy,997e55d4db697803,77.91346555308891,1,41,3.151,41.53,2.02,8.735,58.54,28,1.849,14.64,True
SOLUSD,H4,TREND,EMACrossoverStrategy,63d7869f9f409ac6,55.15906333887861,1,45,1.989,21.54,5.35,5.397,57.78,90,1.203,11.03,False
SOLUSD,H4,RANGE,EMAPullbackContinuationStrategy,e51f4cacdcaeea35,60.658976123180494,2,11,2.846,5.87,1.98,8.217,72.73,49,1.371,10.24,True
SOLUSD,H4,CHOP,EMAPullbackContinuationStrategy,b84489068ead3e5b,70.09882172225105,1,162,2.285,31.64,3.55,5.801,87.04,415,1.572,54.92,True
SOLUSD,D1,TREND,ParabolicSARTrendStrategy,2f086f87630b351d,63.967244231064505,1,15,3.064,9.35,1.64,8.808,66.67,29,1.229,3.48,False
SOLUSD,D1,CHOP,MomentumBurstStrategy,6da42e7805c04b4d,69.26010124190908,1,27,4.223,12.97,1.92,12.005,85.19,84,2.734,36.89,True
TRXUSD,D1,TREND,EMAPullbackContinuationStrategy,fc0c4f67da8422b8,66.85055458744367,1,11,3.686,5.62,1.01,10.531,81.82,25,1.531,4.52,True
TRXUSD,D1,CHOP,EMAPullbackContinuationStrategy,d30968bc0c034ad0,55.02386135622826,1,12,2.024,5.74,2.65,5.374,58.33,33,1.091,1.75,False
UK100,M15,TREND,MomentumBurstStrategy,09a8959410338940,59.81425136394819,1,28,1.825,7.15,2.32,4.702,71.43,445,1.164,35.38,True
UK100,M15,RANGE,FractalSRZoneBreakRetestStrategy,2cad8dcb315016ee,24.50779613563646,3,6,6.906,6.95,1.1,16.056,83.33,26,1.266,3.98,True
UK100,M30,TREND,RSIExtremesStrategy,0c4b97df008cffe2,48.666634896837444,3,46,1.5,11.87,5.22,3.164,52.17,116,1.103,6.74,True
UK100,M30,RANGE,SupplyDemandImpulseRetestStrategy,9e4badf2f3b36e37,55.184443297084975,1,56,1.423,6.37,2.29,2.722,67.86,150,1.071,2.54,True
UK100,M30,CHOP,RSIExtremesStrategy,0c4b97df008cffe2,63.676379321574714,1,18,2.721,11.22,1.97,7.948,66.67,34,1.553,8.95,True
UK100,H1,TREND,KeltnerFadeStrategy,173d6a6e02039387,45.44907020608127,7,54,1.458,14.8,6.78,2.87,48.15,133,1.082,6.81,True
UK100,H1,RANGE,MACDTrendStrategy,f20521fd3417d3f1,58.994105378708504,1,50,1.814,19.25,3.45,4.71,60.0,125,1.348,24.64,True
UK100,H1,CHOP,KeltnerFadeStrategy,53d551fff57713ac,58.364953086780595,1,11,2.682,5.06,1.98,7.768,72.73,31,2.042,11.42,True
UK100,H4,TREND,TurtleSoupReversalStrategy,4a149f1b59111fbe,64.54570855100381,1,57,2.062,26.23,3.06,5.761,61.4,166,1.373,36.81,True
UK100,H4,RANGE,BollingerBounceStrategy,28b42f829ad329ce,62.65823136005411,1,25,2.114,7.0,2.0,5.835,76.0,56,1.36,9.08,True
UK100,H4,CHOP,MomentumBurstStrategy,f4aa5af5101face3,89.23560720716866,1,26,7.703,13.7,0.96,17.834,92.31,92,1.581,16.1,True
UK100,D1,TREND,PinBarReversalStrategy,4a9b419852ad04eb,64.64390122529878,1,45,2.368,20.73,2.99,6.96,71.11,100,1.285,14.53,False
US100,M5,TREND,MomentumBurstStrategy,5dc60db07ad54094,31.316686793637185,2,179,1.184,21.61,16.75,1.302,44.13,740,1.032,15.04,False
US100,M5,RANGE,MomentumBurstStrategy,842df06f52da5171,41.918214983787394,4,106,1.19,8.4,5.79,1.34,64.15,313,1.175,38.93,True
US100,M5,CHOP,MomentumBurstStrategy,842df06f52da5171,52.11539688065433,1,49,1.475,8.47,4.16,2.988,69.39,225,1.073,11.99,True
US100,M15,TREND,MomentumBurstStrategy,ff73b3e346806fc1,50.99649586055821,2,53,1.704,20.29,5.85,4.105,50.94,236,1.217,34.54,True
US100,M15,RANGE,VolumeSpikeMomentumStrategy,aa214206dffee2d3,57.981387350203114,1,36,2.261,13.84,4.59,6.476,75.0,122,1.004,0.16,True
US100,M15,CHOP,VolumeSpikeMomentumStrategy,aa214206dffee2d3,93.14266765289744,1,30,7.144,21.54,1.08,17.753,90.0,143,1.123,6.0,True
US100,M30,TREND,MomentumBurstStrategy,ff73b3e346806fc1,62.08774967687108,1,62,1.802,28.49,3.15,4.539,53.23,260,1.361,63.99,True
US100,M30,RANGE,MomentumBurstStrategy,5dc60db07ad54094,53.2647659081149,3,15,1.662,5.59,2.4,3.868,53.33,105,1.058,6.85,False
US100,M30,CHOP,FractalSRZoneBreakRetestStrategy,f88431131eaffe9b,59.69560538663818,1,17,2.661,10.52,2.88,7.701,64.71,47,1.83,17.32,False
US100,H1,TREND,KeltnerFadeStrategy,33dc335a1f1303da,53.125742565875,1,26,1.671,10.03,3.02,3.822,46.15,74,1.202,10.46,True
US100,H1,RANGE,MomentumBurstStrategy,da03c13577562459,55.38389500121837,2,53,1.514,9.38,3.39,2.996,77.36,255,1.526,102.65,True
US100,H1,BREAKOUT,MomentumBurstStrategy,da03c13577562459,65.75525484222341,1,19,2.653,7.36,1.49,7.361,84.21,30,2.547,33.3,True
US100,H1,CHOP,NarrowRangeBreakoutStrategy,470045fad795fabe,62.775637437853625,3,31,2.068,13.07,2.24,5.774,64.52,114,1.221,19.29,True
US100,H4,TREND,IchimokuStrategy,9538bfc4d2b4eea1,59.91453650687512,1,37,2.413,22.15,3.93,6.968,62.16,127,1.395,28.61,False
US100,H4,RANGE,MACDTrendStrategy,d11b2c14d400638b,60.10293565040302,1,10,2.158,5.02,1.12,5.825,60.0,47,1.439,11.77,False
US100,H4,CHOP,KeltnerBreakoutStrategy,9add1e6a97eb1cf5,73.60648621889744,1,13,4.339,10.24,1.02,12.097,76.92,50,1.491,14.29,True
US100,D1,TREND,KeltnerPullbackStrategy,ff7d04dca87ab67d,81.76892888390354,1,13,7.173,11.41,0.99,15.894,84.62,49,2.048,23.19,True
US100,D1,CHOP,EMAPullbackContinuationStrategy,d876abed298cd431,74.31849856284735,1,32,3.258,10.06,1.09,9.089,87.5,74,1.701,12.4,True
US30,M5,TREND,MomentumBurstStrategy,5c2415cba8bac191,63.9347836604641,1,50,1.893,10.73,2.22,4.932,76.0,419,1.321,44.53,True
US30,M5,RANGE,SupplyDemandImpulseRetestStrategy,ab46d5b2146afc30,50.46831806962223,1,14,1.724,6.37,3.04,3.872,42.86,62,1.169,7.08,True
US30,M5,CHOP,SupplyDemandImpulseRetestStrategy,ab46d5b2146afc30,53.60494915879178,2,19,2.051,12.02,4.16,5.216,47.37,38,1.225,5.32,True
US30,M15,TREND,KeltnerBreakoutStrategy,2df1e5c41209b088,52.85940568656331,1,789,1.392,333.14,12.42,2.319,58.05,2382,1.236,2892.42,True
US30,M15,RANGE,RSITrendFilteredMRStrategy,dcc98c7e31c82c0f,53.342499601627246,1,16,1.801,6.63,1.91,4.209,43.75,45,1.697,14.16,True
US30,M15,CHOP,ADXDIStrengthStrategy,ccb9056578d338c1,58.49045147706177,1,47,2.154,22.35,4.35,6.059,59.57,112,1.101,6.65,True
US30,M30,TREND,MomentumBurstStrategy,8902fe0ac81c8cbb,55.01286183206741,1,43,1.712,16.12,3.7,4.142,51.16,121,1.178,12.68,True
US30,M30,RANGE,EngulfingPatternStrategy,c6a70df70a0545b8,65.74318059155325,1,28,2.526,20.36,2.32,7.237,60.71,116,1.577,40.2,True
US30,M30,BREAKOUT,DonchianBreakoutStrategy,f61dc8e73a9c39ef,31.375853781632102,14,6,3.094,5.05,1.21,8.407,66.67,14,1.953,21.03,False
US30,M30,CHOP,VolatilityBreakoutStrategy,1ee26fe15c5f3ba7,56.669079822034746,2,92,1.608,39.45,4.8,3.644,50.0,293,1.179,61.14,True
US30,H1,TREND,MomentumBurstStrategy,5dc60db07ad54094,41.94252984638419,3,159,1.322,29.77,9.5,2.171,47.17,591,1.206,106.49,False
US30,H1,RANGE,EMACrossoverStrategy,57eb7a27ad21d341,55.582709736758595,2,23,1.782,10.06,2.95,4.408,52.17,65,1.029,1.58,True
US30,H1,CHOP,KaufmanAMATrendStrategy,94c5a21422109915,59.01342113905926,2,39,2.245,41.54,4.67,5.556,43.59,136,1.365,48.92,True
US30,H4,TREND,EMACrossoverStrategy,6cafb7f0d39ba5db,78.14233313810828,1,45,2.548,18.3,1.17,7.56,75.56,112,1.276,12.04,True
US30,H4,CHOP,ROCExhaustionReversalStrategy,7252dd46eaf6fddc,56.56275267877346,4,24,1.726,6.19,2.5,4.282,62.5,62,1.097,2.37,False
US30,D1,TREND,TRIXMomentumStrategy,d674c9796f2af835,62.43653907608275,2,26,2.691,14.74,2.8,7.656,65.38,72,1.051,2.31,False
US30,D1,CHOP,VolatilityBreakoutStrategy,48b820b22c3a3fb3,54.53133890939633,5,17,1.732,7.1,2.12,4.047,47.06,50,1.491,14.69,False
US500,M15,TREND,MomentumBurstStrategy,127538952b8c68a3,55.3874184874831,1,43,1.801,23.1,3.98,4.29,44.19,213,1.175,33.01,True
US500,M30,TREND,SupplyDemandImpulseRetestStrategy,4bd1bb1e7c4267cd,59.54191269510045,1,17,2.169,7.75,2.13,6.086,64.71,33,1.47,7.72,True
US500,M30,CHOP,RSITrendFilteredMRStrategy,5a83c6113363899e,65.76498319118912,1,25,2.54,8.54,1.66,7.459,76.0,74,1.224,4.8,True
US500,H1,TREND,MomentumBurstStrategy,1d05deac98856f89,53.538087163579526,1,77,1.48,7.09,3.67,2.682,81.82,427,1.024,2.46,True
US500,H1,RANGE,DonchianBreakoutStrategy,372b1964101adfcc,50.58515225796841,3,25,1.477,6.08,3.08,3.016,52.0,107,1.025,1.73,True
US500,H1,CHOP,KeltnerBreakoutStrategy,15c31e51834f9007,53.25809018541156,1,34,1.684,12.25,3.37,3.977,50.0,104,1.421,38.12,True
US500,H4,TREND,IchimokuStrategy,e7b71652e5c52797,57.961964098263444,2,36,1.948,13.92,3.61,5.23,61.11,90,1.3,13.55,True
US500,H4,RANGE,TRIXMomentumStrategy,d674c9796f2af835,58.21023915251521,1,13,2.418,6.65,1.76,6.801,61.54,23,1.849,9.57,False
US500,H4,CHOP,LiquiditySweepReversalStrategy,a443f3e5f03c7149,58.26321245804471,1,11,2.651,5.01,1.98,7.672,72.73,38,1.66,9.64,False
US500,D1,TREND,MomentumBurstStrategy,842df06f52da5171,70.87309692650452,1,57,2.439,18.48,1.97,7.041,78.95,164,1.58,30.83,True
USDCAD,M30,CHOP,ADXDIStrengthStrategy,81322febea7d81b5,26.519233120339905,8,7,3.373,5.19,1.08,9.387,71.43,23,1.221,2.91,False
USDCAD,H1,TREND,KeltnerBreakoutStrategy,703c90e808719e18,54.832546739775246,1,50,1.673,12.65,4.18,4.083,64.0,137,1.26,18.23,True
USDCAD,H1,RANGE,ZScoreVWAPReversionStrategy,a9eadf63d3795786,54.42657965968936,1,19,1.739,6.39,3.08,4.298,57.89,75,1.086,3.77,True
USDCAD,H1,CHOP,FractalSRZoneBreakRetestStrategy,b881e79f66617596,62.78345627748878,1,18,2.601,12.66,2.12,7.414,61.11,38,1.69,12.37,True
USDCAD,H4,TREND,MACDDivergenceStrategy,feaee76e70c693aa,63.73443100027604,1,19,2.547,9.39,1.91,7.46,68.42,63,1.322,10.03,False
USDCAD,H4,RANGE,StochRSITrendGateStrategy,489866b9f1789f12,76.20579782782248,1,12,6.898,5.65,0.92,16.603,91.67,36,1.667,6.91,True
USDCAD,H4,CHOP,IchimokuStrategy,d9cb3b475deec76f,66.55555105100476,2,26,2.179,7.59,1.22,6.173,73.08,76,1.375,10.62,True
USDCAD,D1,RANGE,EMAPullbackContinuationStrategy,d30968bc0c034ad0,60.455285360720644,1,11,3.798,8.17,1.81,10.371,72.73,7,1.825,2.5,False
USDCHF,M15,TREND,MomentumBurstStrategy,b068686267f33e80,41.26290364118462,1,64,1.205,8.8,6.28,1.397,39.06,119,1.032,2.33,True
USDCHF,H1,TREND,EMAPullbackContinuationStrategy,bd3482bd9a10838a,35.885015338603175,1,487,1.295,69.73,17.26,2.011,61.81,1270,1.179,250.04,True
USDCHF,H1,RANGE,EMAPullbackContinuationStrategy,7f8fc3d2e60d6654,50.98179584258688,1,26,1.555,7.79,3.1,3.312,46.15,82,1.196,10.79,True
USDCHF,H1,CHOP,KaufmanAMATrendStrategy,ddbe0370ae5cb840,55.79214273688323,2,44,1.684,16.39,3.16,3.944,47.73,166,1.254,25.58,True
USDCHF,H4,TREND,RSIDivergenceStrategy,2e8aaa5aa315ec44,65.95847097251247,1,17,2.301,5.15,0.97,6.502,76.47,43,1.302,4.35,True
USDCHF,H4,RANGE,PinBarReversalStrategy,2efe48b69f7b6260,53.07428769020775,5,10,2.081,6.57,2.02,4.834,40.0,21,1.587,9.06,True
USDCHF,H4,CHOP,EMACrossoverStrategy,1a9ee53de2f2adde,55.04844489564813,1,16,2.928,12.82,4.71,7.941,56.25,67,1.035,1.66,True
USDCHF,D1,TREND,MomentumBurstStrategy,94d571fc0214b2c5,74.11265605976476,1,25,4.543,10.73,1.32,12.531,88.0,57,1.966,12.2,True
USDJPY,M5,TREND,MomentumBurstStrategy,736e841fa1c44ad2,69.66838011088328,1,20,2.956,16.41,1.01,8.3,60.0,41,3.738,42.73,True
USDJPY,M5,CHOP,MomentumBurstStrategy,301ccf24e53ea2a2,56.846717889981086,1,31,1.935,8.52,3.97,5.208,70.97,62,1.449,13.2,True
USDJPY,M15,TREND,MomentumBurstStrategy,6816b95828a60f51,71.66593281467064,1,16,4.13,6.3,1.0,11.429,87.5,38,1.325,3.75,True
USDJPY,M15,CHOP,MomentumBurstStrategy,5dc60db07ad54094,73.81795411448869,1,10,5.757,10.16,1.05,14.644,80.0,24,2.125,10.95,False
USDJPY,M30,TREND,KeltnerBreakoutStrategy,847988af2c236cbd,50.79789717743873,1,815,1.283,184.62,11.96,1.858,57.55,1840,1.334,1455.2,True
USDJPY,M30,RANGE,MomentumBurstStrategy,16c57c7ec9c1bb0b,48.296454956219854,1,105,1.328,13.51,6.48,2.084,73.33,249,1.101,13.44,True
USDJPY,M30,CHOP,SqueezeBreakoutStrategy,32e98ab41a039a3a,65.95883122250972,1,21,2.789,17.72,2.08,7.743,57.14,75,1.251,13.55,True
USDJPY,H1,TREND,AroonTrendStrategy,6de5eddfd7a09e4b,67.66812728000801,1,94,2.187,58.87,4.2,5.969,54.26,266,1.219,31.38,True
USDJPY,H1,RANGE,IchimokuStrategy,4b9c2b2e6e6a19c3,56.87357103631836,2,12,2.442,8.3,2.1,6.711,58.33,46,1.871,19.09,True
USDJPY,H1,CHOP,EMARibbonADXStrategy,832204cf4e6bfce7,52.52751233954186,3,27,1.662,7.65,3.66,3.984,59.26,114,1.304,14.69,True
USDJPY,H4,TREND,VolumeSpikeMomentumStrategy,94084e15d7e1472d,73.27805522104214,1,23,4.173,20.53,1.96,11.809,73.91,71,1.056,2.15,False
USDJPY,H4,RANGE,VortexTrendStrategy,3191597c81710832,54.23761150856142,1,10,2.339,5.83,3.18,6.424,60.0,40,1.267,6.7,False
USDJPY,H4,CHOP,AroonTrendStrategy,aebe29798b4af7a4,64.41795370722629,1,30,2.192,12.09,2.0,6.262,70.0,108,1.148,7.4,True
USDJPY,D1,TREND,MomentumBurstStrategy,7f61e5ceef466484,70.01986277006695,1,27,2.771,9.33,0.99,8.161,77.78,53,2.32,16.35,True
USDJPY,D1,CHOP,EMAPullbackContinuationStrategy,78cc399d8a6de3e6,61.75357165675683,2,13,2.976,7.48,1.81,8.619,69.23,29,1.503,6.87,True
USDMXN,M5,CHOP,MomentumBurstStrategy,d1ff2658f70b02ea,39.91781220493354,2,84,1.254,10.45,7.28,1.7,41.67,256,1.247,30.79,True
USDMXN,M15,CHOP,MomentumBurstStrategy,0b6543e909b8889c,41.883216669746496,2,34,1.368,5.32,4.03,2.46,58.82,107,1.479,23.29,True
USDMXN,M30,TREND,MomentumBurstStrategy,91b28c65cb7631fc,57.29183184067268,1,67,1.748,17.69,4.41,4.413,68.66,284,1.152,21.83,True
USDMXN,M30,RANGE,EMAPullbackContinuationStrategy,78bb1039de4c3b0a,56.69493318235392,1,73,1.919,30.0,5.48,5.063,56.16,221,1.228,42.24,True
USDMXN,M30,BREAKOUT,EMAPullbackContinuationStrategy,d30968bc0c034ad0,24.471354500016542,5,6,2.761,5.08,2.78,7.561,66.67,19,1.218,3.67,False
USDMXN,M30,CHOP,MomentumBurstStrategy,5dc60db07ad54094,53.65820989025203,1,43,1.673,14.35,4.05,4.003,53.49,129,1.218,16.22,False
USDMXN,H1,TREND,VolatilityBreakoutStrategy,2559ae2796755570,41.802336987428156,1,221,1.208,32.97,8.55,1.403,37.1,649,1.175,140.41,True
USDMXN,H1,RANGE,KeltnerPullbackStrategy,b2b5bf04cdef92e1,53.20708090020294,1,102,1.566,22.97,5.62,3.563,62.75,325,1.122,10.81,True
USDMXN,H1,BREAKOUT,VolatilityBreakoutStrategy,48b820b22c3a3fb3,46.97276474290212,2,11,2.788,11.01,3.44,7.653,63.64,9,3.787,4.88,False
USDMXN,H1,CHOP,EMAPullbackContinuationStrategy,2847c85965581e9d,55.9998143611086,2,135,1.451,25.4,3.76,2.912,65.19,438,1.454,141.02,True
USDMXN,H4,TREND,FibonacciRetracementPullbackStrategy,e4d4184f402f1a81,66.18619281058874,1,30,2.243,10.12,1.58,6.435,73.33,72,1.338,8.11,True
USDMXN,H4,RANGE,ParabolicSARTrendStrategy,2f086f87630b351d,86.61439396223197,1,10,12.642,12.3,1.0,24.001,90.0,35,1.363,6.04,False
USDMXN,H4,CHOP,ParabolicSARTrendStrategy,51a45611967f0d54,68.70219921986475,1,42,2.421,15.21,1.88,7.071,76.19,101,1.23,8.36,True
USDMXN,D1,TREND,KeltnerBreakoutStrategy,6177467e1be09356,73.55404389921384,1,25,3.562,7.24,0.95,9.843,88.0,53,1.266,3.5,True
USDNOK,M30,TREND,SupplyDemandImpulseRetestStrategy,a2368594643e4fb9,37.16701722042044,3,9,2.851,5.46,2.91,8.075,66.67,31,2.416,19.67,True
USDNOK,H1,TREND,FractalSRZoneBreakRetestStrategy,21958d7cf8a6cd68,48.18127067254797,3,26,1.413,6.13,2.95,2.563,42.31,69,1.26,10.56,True
USDNOK,H1,CHOP,ADXDIStrengthStrategy,6edd749eef2d8377,59.013389538884965,1,14,2.408,5.5,1.89,6.932,71.43,60,1.711,18.86,True
USDNOK,H4,TREND,EMARibbonADXStrategy,4ea68d45a0f35c16,57.4042314622993,2,24,1.781,7.13,1.96,4.432,62.5,73,1.681,20.6,True
USDNOK,H4,RANGE,FibonacciRetracementPullbackStrategy,092785d2548bddf2,70.06460302489178,1,23,3.174,6.35,1.03,8.829,86.96,61,1.775,7.49,True
USDNOK,H4,CHOP,MACDDivergenceStrategy,155d984d665e4f0a,56.36455048807117,6,21,1.808,7.06,2.71,4.597,57.14,56,1.05,1.51,True
USDNOK,D1,TREND,ElderRayBullBearStrategy,aafcb2b63769a747,75.23131057402031,1,27,3.855,8.03,0.94,10.495,88.89,56,1.594,7.13,True
USDSGD,M30,TREND,ADXDIStrengthStrategy,8532dbafaeca0aac,51.76232293145095,1,38,1.534,14.04,3.29,3.146,42.11,82,1.401,22.35,True
USDSGD,H1,CHOP,RSITrendFilteredMRStrategy,d821588c4d5b56d0,54.750717163066525,1,21,2.06,11.73,3.88,5.268,47.62,80,1.2,10.06,True
USDSGD,H4,TREND,AroonTrendStrategy,78cbd8fabc92ba4e,56.18442391306736,1,51,1.519,5.28,2.63,2.936,80.39,103,1.207,4.68,True
USDSGD,H4,RANGE,StochRSITrendGateStrategy,0d07faac9ad9418b,60.752550317177764,1,11,3.063,9.34,2.05,8.555,63.64,37,1.432,8.06,True
USDSGD,H4,CHOP,AroonTrendStrategy,83d91da3f06a837d,58.17937871480724,1,28,2.065,6.28,3.68,5.541,78.57,74,1.162,3.96,True
USDSGD,D1,TREND,MomentumBurstStrategy,5dc60db07ad54094,66.37548598538751,1,10,3.368,7.12,0.99,9.552,70.0,38,1.385,7.2,False
USDZAR,M30,RANGE,SupplyDemandImpulseRetestStrategy,ccfd1e0a57474850,57.463556105119764,1,11,2.39,6.04,2.07,6.72,63.64,26,1.118,1.48,False
USDZAR,M30,CHOP,ADXDIStrengthStrategy,67b7eaaf7551df94,50.24248984850781,3,23,1.618,6.09,4.48,3.749,56.52,53,1.063,1.61,True
USDZAR,H1,TREND,SupplyDemandImpulseRetestStrategy,ccfd1e0a57474850,68.48679699039396,1,17,2.486,9.75,1.06,7.171,64.71,57,1.226,6.59,False
USDZAR,H1,RANGE,EMAPullbackContinuationStrategy,e51f4cacdcaeea35,58.589685084090064,1,69,1.962,31.48,5.39,5.288,66.67,212,1.196,33.41,True
USDZAR,H1,CHOP,SupplyDemandImpulseRetestStrategy,58ac52893e27ec8f,56.609467216825706,2,37,1.833,11.06,3.69,4.805,62.16,122,1.289,20.2,True
USDZAR,H4,TREND,MomentumBurstStrategy,97056b5711a5160c,54.71799991069173,1,329,1.372,31.1,5.51,2.343,74.47,975,1.096,21.65,True
USDZAR,H4,RANGE,VolatilityBreakoutStrategy,591727e238278f48,32.39628437759373,15,8,3.922,5.87,1.02,10.85,75.0,32,1.651,11.48,True
USDZAR,H4,CHOP,NarrowRangeBreakoutStrategy,50b5a0b03ee36a10,46.79006560769123,3,59,1.241,5.53,3.8,1.687,57.63,159,1.005,0.33,True
USDZAR,D1,CHOP,TurtleSoupReversalStrategy,ce7adaf44d91e083,77.65080243938301,1,23,6.27,5.42,1.01,13.419,95.65,47,1.784,4.93,True
XAGUSD,M5,TREND,MomentumBurstStrategy,0f311150a53bff67,44.29161380599357,1,739,1.244,72.45,11.52,1.621,67.39,1109,1.138,62.79,True
XAGUSD,M5,CHOP,MomentumBurstStrategy,0f311150a53bff67,52.878181788905835,1,126,1.598,23.72,6.58,3.55,72.22,231,1.166,15.39,True
XAGUSD,M15,TREND,MomentumBurstStrategy,56f32a9e0bcaa0e9,61.58127904449364,1,1301,1.647,1154.9,9.06,2.927,59.26,2733,1.297,11537.81,True
XAGUSD,M15,RANGE,SupplyDemandImpulseRetestStrategy,ccfd1e0a57474850,67.58927429431655,1,10,3.617,7.19,0.92,10.081,70.0,38,1.419,6.83,False
XAGUSD,M15,CHOP,MomentumBurstStrategy,4121da9b36d9c315,64.09272783023013,1,33,2.523,15.18,2.54,6.84,69.7,91,1.201,7.73,True
XAGUSD,M30,TREND,ADXDIStrengthStrategy,81322febea7d81b5,61.066230199853756,1,12,3.075,8.08,1.88,8.774,66.67,25,1.335,4.42,False
XAGUSD,M30,RANGE,KaufmanAMATrendStrategy,f746d1242a8b8578,50.28795505674889,3,224,1.371,46.89,7.14,2.459,51.79,644,1.191,43.13,True
XAGUSD,M30,CHOP,KeltnerBreakoutStrategy,732f7ada251a0e45,60.0977569709587,1,42,1.75,10.48,2.46,4.19,71.43,116,1.169,7.47,True
XAGUSD,H1,TREND,EMARibbonADXStrategy,a5f8a64bfe9e3020,58.12034191736659,1,106,1.648,32.1,3.83,3.174,51.89,259,1.255,31.83,True
XAGUSD,H1,RANGE,RSIDivergenceStrategy,1a6f0fcb19dc5c88,68.56068719785743,1,26,3.015,15.86,1.87,8.587,69.23,55,1.534,11.23,False
XAGUSD,H1,CHOP,MACDDivergenceStrategy,9e08e5be7aab5a2d,63.103876586545496,1,38,1.964,11.03,2.22,5.316,71.05,119,1.456,16.09,True
XAGUSD,H4,TREND,KeltnerPullbackStrategy,402d1275b6995fb3,63.486559447942675,1,59,2.253,17.3,2.47,6.257,69.49,108,2.013,32.79,True
XAGUSD,H4,RANGE,KeltnerBreakoutStrategy,9f21d0f2cc88e9a8,64.56146334131759,2,26,3.104,22.81,2.99,5.886,61.54,79,1.625,27.42,True
XAGUSD,H4,CHOP,ROCExhaustionReversalStrategy,716e71475defd348,72.31794126151648,1,36,3.613,12.47,1.57,8.032,83.33,111,1.367,8.76,True
XAGUSD,D1,TREND,DonchianBreakoutStrategy,f61dc8e73a9c39ef,82.44356829932673,1,15,7.823,22.21,1.62,10.049,73.33,42,1.068,1.34,False
XAGUSD,D1,CHOP,StochRSITrendGateStrategy,ca4c3eddc35265cf,86.58959871884394,1,10,15.217,15.79,1.09,13.4,90.0,14,1.251,1.23,False
XAUUSD,M5,TREND,ADXDIStrengthStrategy,7d7184a1799e9337,56.5728321852238,1,37,1.99,21.91,4.08,5.025,45.95,123,1.456,44.87,True
XAUUSD,M5,RANGE,MomentumBurstStrategy,8bd46f55cfcfe7df,47.48951289813008,1,28,1.552,8.34,4.23,3.132,39.29,53,1.11,3.66,True
XAUUSD,M5,BREAKOUT,KeltnerPullbackStrategy,4009baabe36afbc2,26.225630627955738,8,5,10.0,25.71,0.0,973.13,100.0,12,4.197,88.28,True
XAUUSD,M5,CHOP,ADXDIStrengthStrategy,81322febea7d81b5,62.70327645798487,1,29,2.033,13.04,2.04,5.552,58.62,116,1.143,8.69,False
XAUUSD,M15,TREND,MomentumBurstStrategy,f1091d4dc14c7eb8,48.788638588336205,1,37,1.942,15.13,5.35,4.336,45.95,41,1.851,16.64,True
XAUUSD,M15,RANGE,RSITrendFilteredMRStrategy,e2e5e127aadbc7b9,59.165204200583,1,21,1.975,7.0,2.06,5.362,66.67,45,1.954,13.03,False
XAUUSD,M15,CHOP,MACDHistogramMomentumStrategy,869e3f61e3776b8c,49.36600629106999,1,308,1.371,68.92,8.56,2.431,48.05,896,1.111,75.06,False
XAUUSD,M30,TREND,KeltnerBreakoutStrategy,6177467e1be09356,51.190919278743216,2,1374,1.369,436.48,12.66,1.968,73.8,3117,1.291,2955.64,True
XAUUSD,M30,RANGE,IchimokuStrategy,981201221818870f,65.24830225255022,2,48,1.974,6.58,1.66,4.893,83.33,150,1.13,4.25,True
XAUUSD,M30,BREAKOUT,PivotBreakoutStrategy,6441f3a29d0bd424,66.22034086782801,1,25,3.111,13.96,2.2,9.217,76.0,30,1.25,1.68,True
XAUUSD,M30,CHOP,KeltnerPullbackStrategy,5ad47fe7b2603263,63.67561987568828,1,373,1.655,114.24,7.53,3.535,74.53,1109,1.152,159.23,True
XAUUSD,H1,TREND,MomentumBurstStrategy,1a2308e2a1c5ce3d,58.968032200074376,1,72,1.915,21.15,3.52,4.436,66.67,79,1.728,17.28,True
XAUUSD,H1,RANGE,ZScoreVWAPReversionStrategy,c3912febb09c31da,66.44527205487124,1,27,2.939,11.93,1.99,8.754,74.07,53,1.306,6.3,False
XAUUSD,H1,BREAKOUT,MomentumBurstStrategy,2ee51e62c355be22,75.3841301941013,1,10,7.553,8.55,1.21,14.921,90.0,19,3.809,60.01,True
XAUUSD,H1,CHOP,MomentumBurstStrategy,2ee51e62c355be22,72.89456029562432,1,165,2.152,80.87,4.61,5.816,66.06,371,1.33,211.43,True
XAUUSD,H4,TREND,LiquiditySweepReversalStrategy,c3272280924c8f39,72.137150362144,1,28,3.957,15.76,1.64,8.045,78.57,81,1.863,20.66,True
XAUUSD,H4,RANGE,MomentumBurstStrategy,5dc60db07ad54094,63.63326955429124,1,44,2.263,22.58,2.98,6.359,61.36,75,1.072,4.49,False
XAUUSD,H4,CHOP,StochRSITrendGateStrategy,0cba507025eb3b90,69.80103441760983,1,35,2.48,5.3,0.94,6.19,88.57,77,1.409,5.51,True
XAUUSD,D1,TREND,DonchianBreakoutStrategy,df5b1078f226ed80,70.37338713023915,1,29,4.059,15.04,1.93,9.958,86.21,39,2.257,10.53,True
XAUUSD,D1,RANGE,MomentumBurstStrategy,c042fc5f2356889d,51.79520547553495,2,21,3.274,10.02,3.91,7.992,90.48,28,3.703,9.82,True
XAUUSD,D1,CHOP,MomentumBurstStrategy,c042fc5f2356889d,76.27400849863173,1,24,4.075,10.48,1.03,10.454,83.33,69,1.128,2.58,True
XBRUSD,H1,TREND,RSIDivergenceStrategy,1a6f0fcb19dc5c88,51.95703681164022,1,83,1.481,20.19,5.06,3.103,57.83,235,1.034,4.37,False
XBRUSD,H1,RANGE,RSIDivergenceStrategy,27995f8b6ec557c2,55.61682683709365,2,14,1.817,5.51,2.26,4.574,57.14,59,1.336,11.31,True
XBRUSD,H4,TREND,FractalSRZoneBreakRetestStrategy,f88431131eaffe9b,61.83615805811398,1,13,3.133,8.81,1.99,9.063,69.23,26,1.022,0.33,False
XBRUSD,H4,RANGE,KeltnerBreakoutStrategy,aa1fa820e2dff793,53.27149024881006,1,25,1.81,9.79,4.08,4.606,56.0,33,1.067,1.48,False
XBRUSD,H4,CHOP,ParabolicSARTrendStrategy,2f086f87630b351d,49.23481200230447,3,40,1.377,6.96,3.31,2.482,50.0,142,1.041,3.74,False
XBRUSD,D1,TREND,ZScoreMRStrategy,44e50bd61f8aceff,59.40200588841584,2,26,1.769,7.42,2.05,4.497,65.38,72,1.028,0.84,False
XBRUSD,D1,CHOP,MomentumBurstStrategy,1f46fe8e107ef1e5,52.18740658783964,4,27,1.97,7.46,3.11,5.255,74.07,125,2.077,49.59,True
XNGUSD,H1,TREND,RSITrendFilteredMRStrategy,84156395f69d8d9c,56.24325965858251,1,25,1.91,14.0,3.29,4.794,48.0,75,1.234,12.93,True
XNGUSD,H1,RANGE,ADXDIStrengthStrategy,63415e39695a39cc,42.75315549008924,1,70,1.268,11.03,6.35,1.795,41.43,213,1.057,5.61,True
XNGUSD,H1,CHOP,FractalSRZoneBreakRetestStrategy,8b474ed69f5e794b,53.26675474850223,1,12,2.366,10.73,3.3,5.682,41.67,32,1.103,2.49,True
XNGUSD,H4,TREND,KeltnerBreakoutStrategy,aa1fa820e2dff793,62.186997894426376,1,85,1.803,35.06,3.89,4.64,56.47,211,1.065,9.48,False
XNGUSD,H4,RANGE,KeltnerPullbackStrategy,cf11cacd3e0d625d,62.78095168369003,1,36,2.229,8.05,2.0,5.945,83.33,92,1.883,15.75,True
XNGUSD,H4,CHOP,KeltnerBreakoutStrategy,847988af2c236cbd,65.6640991016653,1,62,1.817,20.67,2.41,4.746,66.13,148,1.311,26.32,True
XNGUSD,D1,TREND,KaufmanAMATrendStrategy,f8926f6d20c20a2d,69.35939412477036,1,14,3.803,8.91,1.03,10.518,78.57,33,2.601,17.96,True
XNGUSD,D1,RANGE,MomentumBurstStrategy,d42a27fb0eaeb5a9,57.83260796477553,2,15,2.596,5.6,2.59,7.181,73.33,52,1.8,13.72,True
XNGUSD,D1,CHOP,MomentumBurstStrategy,5dc60db07ad54094,68.87183909660932,1,15,2.883,10.39,1.09,8.351,66.67,39,1.411,9.0,False
XRPUSD,M30,RANGE,RSITrendFilteredMRStrategy,5118e05887b9110c,59.63930187898972,1,12,2.665,7.48,1.75,7.351,58.33,31,1.201,3.1,True
XRPUSD,M30,CHOP,RSITrendFilteredMRStrategy,47a71729a937df21,44.34462591338926,1,35,1.31,5.08,4.28,1.998,40.0,103,1.139,7.49,True
XRPUSD,H1,TREND,MomentumBurstStrategy,f330e6ade5b39911,73.09378160269368,1,312,1.861,176.4,5.62,4.714,65.38,740,1.372,294.65,True
XRPUSD,H1,RANGE,VolumeSpikeMomentumStrategy,525c8bdc8044da40,60.3543352180979,1,25,2.814,18.89,3.62,7.892,60.0,53,1.184,5.74,True
XRPUSD,H1,CHOP,EMAPullbackContinuationStrategy,f5bcd764eaa71a0f,60.98326921274351,1,27,2.485,19.55,3.27,7.054,59.26,121,1.487,34.69,True
XRPUSD,H4,TREND,NarrowRangeBreakoutStrategy,ccb3b0e1eb94c238,68.2097530128467,1,21,2.258,10.28,1.05,6.167,61.9,32,1.942,12.56,True
XRPUSD,H4,RANGE,DonchianBreakoutStrategy,c70c520a30eb8bc3,55.4455634415514,1,10,2.716,7.56,2.03,7.46,60.0,10,1.89,4.36,True
XRPUSD,H4,CHOP,IchimokuStrategy,9538bfc4d2b4eea1,68.38682509671708,1,20,4.469,18.46,2.82,12.391,75.0,77,1.24,9.83,False
XRPUSD,D1,TREND,VolatilityBreakoutStrategy,bcb9b07d37b99079,67.53368325340439,1,32,2.257,9.4,1.26,6.343,71.88,49,1.48,7.76,True
XTIUSD,M15,TREND,ADXDIStrengthStrategy,de80641b816f9b63,45.881107964542025,1,25,1.52,8.18,4.73,3.097,48.0,44,1.45,11.99,True
XTIUSD,M30,TREND,EMAPullbackContinuationStrategy,4082050fce9a4a78,29.22707755830097,2,316,1.098,24.17,16.31,0.73,46.2,886,1.117,103.74,True
XTIUSD,M30,RANGE,EMAPullbackContinuationStrategy,d1022edad042e75d,51.881746835549706,1,43,1.512,14.99,3.63,3.172,48.84,109,1.461,50.62,True
XTIUSD,M30,CHOP,EMAPullbackContinuationStrategy,b3ce292926507218,50.15277468504133,1,194,1.263,17.56,4.88,1.767,69.59,643,1.139,34.64,True
XTIUSD,H1,TREND,EMAPullbackContinuationStrategy,399ac2fdb9b476c4,46.72114583774647,1,286,1.289,44.81,7.84,1.994,55.59,901,1.286,311.93,True
XTIUSD,H1,RANGE,ZScoreVWAPReversionStrategy,ba7c046e18177fe9,56.73252969165242,1,10,2.417,6.77,2.13,6.647,60.0,25,1.544,7.85,True
XTIUSD,H4,TREND,OBVDivergenceStrategy,c284a00b4fb9ffe8,59.45277665245299,1,25,2.38,16.45,2.93,6.626,56.0,61,1.659,25.16,True
XTIUSD,H4,RANGE,EngulfingPatternStrategy,afdbc3dfe7b650e7,63.18090524727093,1,22,2.395,10.41,1.98,6.953,68.18,32,1.016,0.29,False
XTIUSD,H4,CHOP,StochRSITrendGateStrategy,043cf23f5d518cfc,59.32482234347584,1,12,2.759,5.45,2.0,8.039,75.0,49,1.935,15.16,True
XTIUSD,D1,TREND,EMAPullbackContinuationStrategy,d30968bc0c034ad0,57.63952370720093,1,29,2.016,14.13,3.19,5.49,58.62,116,1.772,50.27,False
XTIUSD,D1,BREAKOUT,StochasticReversalStrategy,56de53c985745c90,51.85557414489576,1,5,7.515,7.72,1.09,13.239,80.0,3,10.0,6.61,True
XTIUSD,D1,CHOP,DonchianBreakoutStrategy,f61dc8e73a9c39ef,67.82675465366357,1,16,4.033,12.08,1.9,11.02,75.0,38,1.623,12.7,False
